,Start Time,End Time,Sentence,Speaker,Local Start Time,Rounded Start Local Time,Rounded End Local Time,Closest EURUSD End Close Delayed,Closest EURUSD Start Close non Delayed,EURUSD Close Difference,Closest USA500.IDXUSD End Close Delayed,Closest USA500.IDXUSD Start Close non Delayed,USA500.IDXUSD Close Difference
0,0.000,3.640,Good afternoon.,CHAIR YELLEN.,2014-06-18 18:30:00+00:00,2014-06-18 18:30:00+00:00,2014-06-18 18:30:04+00:00,1.35682,1.35677,4.999999999988347e-05,1948.479,1948.479,0.0
1,3.640,28.360,The Federal Open Market Committee concluded its June meeting earlier today.,CHAIR YELLEN.,2014-06-18 18:30:03.640000+00:00,2014-06-18 18:30:04+00:00,2014-06-18 18:30:28+00:00,1.35699,1.3568700000000002,0.00011999999999967592,1948.669,1948.669,0.0
2,28.360,39.120,"As was indicated in our policy statement, the Committee decided to make another modest reduction in the pace of its purchases of longer-term securities.",CHAIR YELLEN.,2014-06-18 18:30:28.360000+00:00,2014-06-18 18:30:28+00:00,2014-06-18 18:30:39+00:00,1.35694,1.35691,2.999999999997449e-05,1948.461,1948.669,-0.20800000000008367
3,39.120,53.200,The Committee maintained its forward guidance regarding the federal funds rate target and reaffirmed its view that a highly accommodative stance of monetary policy remains appropriate.,CHAIR YELLEN.,2014-06-18 18:30:39.120000+00:00,2014-06-18 18:30:39+00:00,2014-06-18 18:30:53+00:00,1.3570600000000002,1.35694,0.00012000000000012001,1948.66,1948.688,-0.02800000000002001
4,53.200,65.480,Today’s policy actions reflect the Committee’s assessment that the economy is continuing to make progress toward our objectives of maximum employment and price stability.,CHAIR YELLEN.,2014-06-18 18:30:53.200000+00:00,2014-06-18 18:30:53+00:00,2014-06-18 18:31:05+00:00,1.35715,1.35694,0.00021000000000004349,1949.48,1948.66,0.8199999999999363
5,65.480,69.480,"In the labor market, conditions have improved further.",CHAIR YELLEN.,2014-06-18 18:31:05.480000+00:00,2014-06-18 18:31:05+00:00,2014-06-18 18:31:09+00:00,1.357,1.35715,-0.0001500000000000945,1949.474,1949.474,0.0
6,69.480,90.120,"The unemployment rate, at 6.3 percent, is four-tenths lower than at the time of our March meeting, and the broader U-6 measure—which includes marginally attached workers and those working part time but preferring full-time work—has fallen by a similar amount.",CHAIR YELLEN.,2014-06-18 18:31:09.480000+00:00,2014-06-18 18:31:09+00:00,2014-06-18 18:31:30+00:00,1.35668,1.35693,-0.00024999999999986144,1950.183,1949.686,0.49700000000007094
7,90.120,103.920,"Even given these declines, however, unemployment remains elevated, and a broader assessment of indicators suggests that underutilization in the labor market remains significant.",CHAIR YELLEN.,2014-06-18 18:31:30.120000+00:00,2014-06-18 18:31:30+00:00,2014-06-18 18:31:44+00:00,1.3569600000000002,1.3569600000000002,0.0,1950.668,1950.183,0.48499999999989996
8,103.920,113.240,"Although real GDP declined in the first quarter, this decline appears to have resulted mainly from transitory factors.",CHAIR YELLEN.,2014-06-18 18:31:43.920000+00:00,2014-06-18 18:31:44+00:00,2014-06-18 18:31:53+00:00,1.35695,1.35689,6.000000000017103e-05,1950.485,1950.668,-0.18299999999999272
9,113.240,130.280,"Private domestic final demand—that is, spending by domestic households and businesses—continued to expand in the first quarter, and the limited set of indicators of spending and production in the second quarter have picked up.",CHAIR YELLEN.,2014-06-18 18:31:53.240000+00:00,2014-06-18 18:31:53+00:00,2014-06-18 18:32:10+00:00,1.35755,1.35698,0.0005699999999999594,1950.661,1950.485,0.17600000000015825
10,130.280,140.760,The Committee thus believes that economic activity is rebounding in the current quarter and will continue to expand at a moderate pace thereafter.,CHAIR YELLEN.,2014-06-18 18:32:10.280000+00:00,2014-06-18 18:32:10+00:00,2014-06-18 18:32:21+00:00,1.35749,1.35753,-3.999999999981796e-05,1950.661,1950.661,0.0
11,140.760,151.680,"Overall, the Committee continues to see sufficient underlying strength in the economy to support ongoing improvement in the labor market.",CHAIR YELLEN.,2014-06-18 18:32:20.760000+00:00,2014-06-18 18:32:21+00:00,2014-06-18 18:32:32+00:00,1.35748,1.3575700000000002,-9.000000000014552e-05,1950.964,1950.661,0.3029999999998836
12,151.680,166.320,"Inflation has continued to run below the Committee’s 2 percent objective, and the Committee remains mindful that inflation running persistently below its objective could pose risks to economic performance.",CHAIR YELLEN.,2014-06-18 18:32:31.680000+00:00,2014-06-18 18:32:32+00:00,2014-06-18 18:32:46+00:00,1.35844,1.35758,0.0008600000000000829,1950.466,1950.964,-0.4980000000000473
13,166.320,183.880,"Given that longer-term inflation expectations appear to be well anchored, and in light of the ongoing recovery in the United States and in many economies around the world, the Committee continues to expect inflation to move gradually back toward its objective.",CHAIR YELLEN.,2014-06-18 18:32:46.320000+00:00,2014-06-18 18:32:46+00:00,2014-06-18 18:33:04+00:00,1.35851,1.35865,-0.00013999999999980695,1950.187,1950.673,-0.4860000000001037
14,183.880,199.200,The Committee will continue to assess incoming data carefully to ensure that policy is consistent with attaining the FOMC’s longer-run objectives of maximum employment and inflation of 2 percent.,CHAIR YELLEN.,2014-06-18 18:33:03.880000+00:00,2014-06-18 18:33:04+00:00,2014-06-18 18:33:19+00:00,1.3584,1.35858,-0.00017999999999984695,1950.187,1950.187,0.0
15,199.200,209.520,This outlook is reflected in the individual economic projections submitted in conjunction with this meeting by the FOMC participants.,CHAIR YELLEN.,2014-06-18 18:33:19.200000+00:00,2014-06-18 18:33:19+00:00,2014-06-18 18:33:30+00:00,1.3582,1.35834,-0.000140000000000029,1950.187,1950.187,0.0
16,209.520,219.080,"As always, each participant’s projections are conditioned on his or her own views of appropriate monetary policy.",CHAIR YELLEN.,2014-06-18 18:33:29.520000+00:00,2014-06-18 18:33:30+00:00,2014-06-18 18:33:39+00:00,1.35826,1.3583500000000002,-9.000000000014552e-05,1950.187,1950.187,0.0
17,219.080,233.160,The central tendency of the unemployment rate projections is slightly lower than in the March projections and now stands at 6.0 to 6.1 percent at the end of this year.,CHAIR YELLEN.,2014-06-18 18:33:39.080000+00:00,2014-06-18 18:33:39+00:00,2014-06-18 18:33:53+00:00,1.35774,1.3581100000000002,-0.0003700000000002035,1949.489,1949.976,-0.48700000000008004
18,233.160,243.640,"From there, Committee participants generally see the unemployment rate declining to its longer-run normal level by the end of 2016.",CHAIR YELLEN.,2014-06-18 18:33:53.160000+00:00,2014-06-18 18:33:53+00:00,2014-06-18 18:34:04+00:00,1.3580100000000002,1.35782,0.0001900000000001345,1949.466,1949.461,0.004999999999881766
19,243.640,262.520,"The central tendency of the projections for real GDP growth is 2.1 to 2.3 percent for 2014, down notably from the March projections, largely because of the unexpected contraction in the first quarter.",CHAIR YELLEN.,2014-06-18 18:34:03.640000+00:00,2014-06-18 18:34:04+00:00,2014-06-18 18:34:23+00:00,1.35769,1.35795,-0.00025999999999992696,1949.47,1949.466,0.004000000000132786
20,262.520,272.520,"Over the next two years, the projections for real GDP growth remain somewhat above the estimates of longer-run normal growth.",CHAIR YELLEN.,2014-06-18 18:34:22.520000+00:00,2014-06-18 18:34:23+00:00,2014-06-18 18:34:33+00:00,1.35786,1.35775,0.0001100000000000545,1949.159,1948.99,0.1690000000000964
21,272.520,285.440,"Finally, FOMC participants continue to see inflation moving only gradually back toward 2 percent over time as the economy expands.",CHAIR YELLEN.,2014-06-18 18:34:32.520000+00:00,2014-06-18 18:34:33+00:00,2014-06-18 18:34:45+00:00,1.35826,1.3581100000000002,0.00014999999999987246,1949.178,1949.159,0.019000000000005457
22,285.440,299.880,"The central tendency of the inflation projections is 1.5 to 1.7 percent in 2014, rising to 1.6 to 2 percent in 2016.",CHAIR YELLEN.,2014-06-18 18:34:45.440000+00:00,2014-06-18 18:34:45+00:00,2014-06-18 18:35:00+00:00,1.35821,1.35818,2.999999999997449e-05,1949.177,1949.463,-0.2860000000000582
23,299.880,308.840,"As I noted at the outset, the Committee decided today to make another measured reduction in the pace of asset purchases.",CHAIR YELLEN.,2014-06-18 18:34:59.880000+00:00,2014-06-18 18:35:00+00:00,2014-06-18 18:35:09+00:00,1.35807,1.35819,-0.00011999999999989797,1949.198,1949.177,0.021000000000185537
24,308.840,320.000,"Starting next month, we will be purchasing $35 billion of securities per month, down $10 billion per month from our current rate.",CHAIR YELLEN.,2014-06-18 18:35:08.840000+00:00,2014-06-18 18:35:09+00:00,2014-06-18 18:35:20+00:00,1.35827,1.35807,0.00019999999999997797,1949.198,1949.198,0.0
25,320.000,343.360,"Even after today’s action takes effect, we will continue to expand our holdings of longer-term securities, and we will also continue to roll over maturing Treasury securities and reinvest principal payments from the FOMC’s holdings of agency debt and agency mortgage-backed securities in agency mortgage-backed securities.",CHAIR YELLEN.,2014-06-18 18:35:20+00:00,2014-06-18 18:35:20+00:00,2014-06-18 18:35:43+00:00,1.35815,1.35831,-0.00015999999999993797,1949.68,1949.198,0.4819999999999709
26,343.360,361.920,"These sizable and still-increasing holdings will continue to put downward pressure on longer-term interest rates, support mortgage markets, and make financial conditions more accommodative, helping to support job creation and a return of inflation to the Committee’s objective.",CHAIR YELLEN.,2014-06-18 18:35:43.360000+00:00,2014-06-18 18:35:43+00:00,2014-06-18 18:36:02+00:00,1.35827,1.35816,0.0001100000000000545,1949.679,1949.68,-0.0009999999999763531
27,361.920,374.680,Today’s announced reduction in the pace of asset purchases reflects the Committee’s expectation that progress toward its economic objectives will continue.,CHAIR YELLEN.,2014-06-18 18:36:01.920000+00:00,2014-06-18 18:36:02+00:00,2014-06-18 18:36:15+00:00,1.3581,1.35828,-0.00017999999999984695,1949.679,1949.679,0.0
28,374.680,395.600,"If incoming information broadly supports the Committee’s expectation of ongoing improvement in labor markets and inflation moving back over time toward its longer-run objective, the Committee will likely continue to reduce the pace of asset purchases in measured steps at future meetings.",CHAIR YELLEN.,2014-06-18 18:36:14.680000+00:00,2014-06-18 18:36:15+00:00,2014-06-18 18:36:36+00:00,1.35777,1.35808,-0.00031000000000003247,1949.667,1949.679,-0.012000000000170985
29,395.600,416.080,"However, as I have emphasized before, purchases are not on a preset course, and the Committee’s decisions about the pace of purchases remain contingent on its outlook for jobs and inflation as well as its assessment of the likely efficacy and costs of such purchases.",CHAIR YELLEN.,2014-06-18 18:36:35.600000+00:00,2014-06-18 18:36:36+00:00,2014-06-18 18:36:56+00:00,1.35826,1.35769,0.0005699999999999594,1949.669,1949.667,0.00200000000018008
30,416.080,422.320,Let me now turn to the framework we will be applying as we consider interest rate policy.,CHAIR YELLEN.,2014-06-18 18:36:56.080000+00:00,2014-06-18 18:36:56+00:00,2014-06-18 18:37:02+00:00,1.35798,1.35816,-0.000180000000000069,1949.958,1949.669,0.28899999999998727
31,422.320,440.800,"In determining how long to maintain the current 0 to ¼ percent target range for the federal funds rate, the Committee will assess progress—both realized and expected—toward its objectives of maximum employment and 2 percent inflation.",CHAIR YELLEN.,2014-06-18 18:37:02.320000+00:00,2014-06-18 18:37:02+00:00,2014-06-18 18:37:21+00:00,1.3580100000000002,1.35806,-4.999999999988347e-05,1949.695,1949.958,-0.26300000000014734
32,440.800,461.160,"This broad assessment will not hinge on any one or two indicators, but will take into account a wide range of information, including measures of labor market conditions, indicators of inflation pressures and inflation expectations, and readings on financial developments.",CHAIR YELLEN.,2014-06-18 18:37:20.800000+00:00,2014-06-18 18:37:21+00:00,2014-06-18 18:37:41+00:00,1.3579100000000002,1.3580100000000002,-9.999999999998899e-05,1949.681,1949.695,-0.013999999999896318
33,461.160,491.640,"Based on its current assessment of these factors, the Committee anticipates that it likely will be appropriate to maintain the current target range for the federal funds rate, for a considerable time after the asset purchase program ends, especially if projected inflation continues to run below the Committee’s 2 percent longer-run goal, and longer-term inflation expectations remain well anchored.",CHAIR YELLEN.,2014-06-18 18:37:41.160000+00:00,2014-06-18 18:37:41+00:00,2014-06-18 18:38:12+00:00,1.35798,1.3579100000000002,6.999999999979245e-05,1949.167,1949.679,-0.512000000000171
34,491.640,515.640,"Further, once we begin to remove policy accommodation, it’s the Committee’s current assessment that, even after employment and inflation are near mandate-consistent levels, economic conditions may, for some time, warrant keeping the target federal funds rate below levels the Committee views as normal in the longer run.",CHAIR YELLEN.,2014-06-18 18:38:11.640000+00:00,2014-06-18 18:38:12+00:00,2014-06-18 18:38:36+00:00,1.35807,1.35805,2.0000000000131024e-05,1948.975,1949.167,-0.19200000000000728
35,515.640,533.600,"This guidance is consistent with the paths for appropriate policy as reported in the participants’ projections, which show the federal funds rate for most participants remaining well below longer-run normal values at the end of 2016.",CHAIR YELLEN.,2014-06-18 18:38:35.640000+00:00,2014-06-18 18:38:36+00:00,2014-06-18 18:38:54+00:00,1.3580100000000002,1.35815,-0.00013999999999980695,1948.667,1948.975,-0.3079999999999927
36,533.600,548.280,"Although FOMC participants provide a number of explanations for the federal funds rate target remaining below its longer-run normal level, many cite the residual effects of the financial crisis.",CHAIR YELLEN.,2014-06-18 18:38:53.600000+00:00,2014-06-18 18:38:54+00:00,2014-06-18 18:39:08+00:00,1.35851,1.35806,0.00045000000000006146,1949.177,1948.971,0.2059999999999036
37,548.280,568.080,"These include restrained household spending, reduced credit availability, and diminished expectations for future growth in output and incomes, consistent with the view that the potential growth rate of the economy may be lower for some time.",CHAIR YELLEN.,2014-06-18 18:39:08.280000+00:00,2014-06-18 18:39:08+00:00,2014-06-18 18:39:28+00:00,1.3582,1.3585600000000002,-0.000360000000000138,1949.678,1949.488,0.19000000000005457
38,568.080,578.880,"Let me reiterate, however, that the Committee’s expectation for the path of the federal funds rate target is contingent on the economic outlook.",CHAIR YELLEN.,2014-06-18 18:39:28.080000+00:00,2014-06-18 18:39:28+00:00,2014-06-18 18:39:39+00:00,1.3579100000000002,1.3581,-0.00018999999999991246,1949.67,1949.678,-0.008000000000038199
39,578.880,600.080,"If the economy proves to be stronger than anticipated by the Committee, resulting in a more rapid convergence of employment and inflation to the FOMC’s objectives, then increases in the federal funds rate target are likely to occur sooner and to be more rapid than currently envisaged.",CHAIR YELLEN.,2014-06-18 18:39:38.880000+00:00,2014-06-18 18:39:39+00:00,2014-06-18 18:40:00+00:00,1.35779,1.3580100000000002,-0.000220000000000109,1949.187,1949.67,-0.4830000000001746
40,600.080,618.720,"Conversely, if economic performance disappoints, resulting in larger and more persistent deviations from the Committee’s objectives, then increases in the federal funds rate target are likely to take place later and to be more gradual.",CHAIR YELLEN.,2014-06-18 18:40:00.080000+00:00,2014-06-18 18:40:00+00:00,2014-06-18 18:40:19+00:00,1.35736,1.35779,-0.0004300000000001525,1948.986,1949.163,-0.17699999999990723
41,618.720,630.200,"Before taking your questions, I’d like to provide an update on the Committee’s ongoing discussions on the mechanics of normalizing the stance and conduct of monetary policy.",CHAIR YELLEN.,2014-06-18 18:40:18.720000+00:00,2014-06-18 18:40:19+00:00,2014-06-18 18:40:30+00:00,1.3574700000000002,1.35733,0.00014000000000025103,1948.992,1948.986,0.005999999999858119
42,630.200,639.840,"To be clear, these discussions are in no way intended to signal any imminent change in the stance of monetary policy.",CHAIR YELLEN.,2014-06-18 18:40:30.200000+00:00,2014-06-18 18:40:30+00:00,2014-06-18 18:40:40+00:00,1.35739,1.35754,-0.00014999999999987246,1948.475,1948.992,-0.5170000000000528
43,639.840,655.000,"Rather, they represent prudent planning on the part of the Committee and reflect the Committee’s intention to communicate its plans to the public well before the first steps in normalizing policy become appropriate.",CHAIR YELLEN.,2014-06-18 18:40:39.840000+00:00,2014-06-18 18:40:40+00:00,2014-06-18 18:40:55+00:00,1.35759,1.35729,0.00029999999999996696,1948.981,1948.687,0.2940000000000964
44,655.000,674.640,"The Committee is confident that it has the tools it needs to raise short-term interest rates when it becomes appropriate to do so and to control the level of short-term interest rates thereafter, even though the Federal Reserve will continue to have a very large balance sheet for some time.",CHAIR YELLEN.,2014-06-18 18:40:55+00:00,2014-06-18 18:40:55+00:00,2014-06-18 18:41:15+00:00,1.3573000000000002,1.35759,-0.00028999999999990145,1948.958,1948.981,-0.02299999999991087
45,674.640,702.520,"The Committee’s recent discussions have centered on the appropriate mix of tools to employ during the normalization process and the associated implications for the degree of control over short-term interest rates, the functioning of the federal funds market, and the extent to which the Federal Reserve transacts with financial institutions outside the banking sector.",CHAIR YELLEN.,2014-06-18 18:41:14.640000+00:00,2014-06-18 18:41:15+00:00,2014-06-18 18:41:43+00:00,1.35711,1.35722,-0.0001100000000000545,1947.993,1948.958,-0.9650000000001455
46,702.520,717.920,"The Committee is constructively working through the many issues related to normalization and will continue its discussions in upcoming meetings, with the expectation of providing additional details later this year.",CHAIR YELLEN.,2014-06-18 18:41:42.520000+00:00,2014-06-18 18:41:43+00:00,2014-06-18 18:41:58+00:00,1.35711,1.35715,-4.0000000000040004e-05,1947.687,1947.69,-0.003000000000156433
47,717.920,718.800,Thank you.,CHAIR YELLEN.,2014-06-18 18:41:57.920000+00:00,2014-06-18 18:41:58+00:00,2014-06-18 18:41:59+00:00,1.35711,1.3571700000000002,-6.000000000017103e-05,1947.465,1947.465,0.0
48,718.800,727.320,I’ll be happy to take your questions.,CHAIR YELLEN.,2014-06-18 18:41:58.800000+00:00,2014-06-18 18:41:59+00:00,2014-06-18 18:42:07+00:00,1.357,1.35721,-0.00021000000000004349,1947.679,1947.679,0.0
49,727.320,731.880,"Steve Liesman, CNBC.",STEVE LIESMAN.,2014-06-18 18:42:07.320000+00:00,2014-06-18 18:42:07+00:00,2014-06-18 18:42:12+00:00,1.35693,1.35695,-2.0000000000131024e-05,1948.485,1947.965,0.5199999999999818
50,731.880,744.360,"There is every reason to expect, Madam Chair, that the PCE inflation rate, which is followed by the Fed, looks likely to exceed your 2016 consensus forecast next week.",STEVE LIESMAN.,2014-06-18 18:42:11.880000+00:00,2014-06-18 18:42:12+00:00,2014-06-18 18:42:24+00:00,1.35693,1.35691,1.999999999990898e-05,1948.183,1948.158,0.02500000000009095
51,744.360,749.080,Does this suggest that the Federal Reserve is behind the curve on inflation?,STEVE LIESMAN.,2014-06-18 18:42:24.360000+00:00,2014-06-18 18:42:24+00:00,2014-06-18 18:42:29+00:00,1.35698,1.35699,-9.999999999843467e-06,1947.975,1947.975,0.0
52,749.080,754.600,And what tolerance is there for higher inflation at the Federal Reserve?,STEVE LIESMAN.,2014-06-18 18:42:29.080000+00:00,2014-06-18 18:42:29+00:00,2014-06-18 18:42:35+00:00,1.35691,1.35703,-0.00011999999999989797,1947.975,1947.975,0.0
53,754.600,767.040,"And if it’s above the 2 percent target, then how is that not kind of blowing through a target the same way you blew through the 6½ percent unemployment target in that they become these soft targets?",STEVE LIESMAN.,2014-06-18 18:42:34.600000+00:00,2014-06-18 18:42:35+00:00,2014-06-18 18:42:47+00:00,1.35702,1.35691,0.00010999999999983245,1947.457,1947.975,-0.5179999999998017
54,767.040,767.960,Thanks.,STEVE LIESMAN.,2014-06-18 18:42:47.040000+00:00,2014-06-18 18:42:47+00:00,2014-06-18 18:42:48+00:00,1.35699,1.35699,0.0,1947.457,1947.457,0.0
55,767.960,774.680,"Well, thanks for the question.",CHAIR YELLEN.,2014-06-18 18:42:47.960000+00:00,2014-06-18 18:42:48+00:00,2014-06-18 18:42:55+00:00,1.3569700000000002,1.35699,-1.9999999999686935e-05,1947.684,1947.684,0.0
56,774.680,789.520,"So I think recent readings on, for example, the CPI index have been a bit on the high side, but I think it’s—the data that we’re seeing is noisy.",CHAIR YELLEN.,2014-06-18 18:42:54.680000+00:00,2014-06-18 18:42:55+00:00,2014-06-18 18:43:10+00:00,1.3570600000000002,1.3569700000000002,8.999999999992347e-05,1947.463,1947.684,-0.22100000000000364
57,789.520,797.800,"I think it’s important to remember that, broadly speaking, inflation is evolving in line with the Committee’s expectations.",CHAIR YELLEN.,2014-06-18 18:43:09.520000+00:00,2014-06-18 18:43:10+00:00,2014-06-18 18:43:18+00:00,1.35695,1.3570700000000002,-0.00012000000000012001,1947.495,1947.463,0.03199999999992542
58,797.800,807.280,"The Committee, it has expected a gradual return in inflation toward its 2 percent objective.",CHAIR YELLEN.,2014-06-18 18:43:17.800000+00:00,2014-06-18 18:43:18+00:00,2014-06-18 18:43:27+00:00,1.3570600000000002,1.35694,0.00012000000000012001,1947.184,1947.169,0.01499999999987267
59,807.280,826.160,"And I think the recent evidence we have seen, abstracting from the noise, suggests that we are moving back gradually over time toward our 2 percent objective, and I see things roughly in line with where we expected inflation to be.",CHAIR YELLEN.,2014-06-18 18:43:27.280000+00:00,2014-06-18 18:43:27+00:00,2014-06-18 18:43:46+00:00,1.35739,1.3570700000000002,0.00031999999999987594,1947.184,1947.184,0.0
60,826.160,838.720,"I think if you look at the SEP projections that were submitted this time, you see very little change in inflation projections of the Committee.",CHAIR YELLEN.,2014-06-18 18:43:46.160000+00:00,2014-06-18 18:43:46+00:00,2014-06-18 18:43:59+00:00,1.3572700000000002,1.35748,-0.00020999999999982144,1947.987,1947.184,0.803000000000111
61,838.720,842.480,What about the tolerance for higher inflation?,STEVE LIESMAN.,2014-06-18 18:43:58.720000+00:00,2014-06-18 18:43:59+00:00,2014-06-18 18:44:02+00:00,1.35719,1.35724,-5.0000000000105516e-05,1947.987,1947.987,0.0
62,842.480,868.640,"Well, the Committee has emphasized that we have the 2 percent objective for, as a longer-term matter, for PCE inflation and we would not willingly see a prolonged period in which inflation persistently runs below our objective or above our objective, and that remains true.",CHAIR YELLEN.,2014-06-18 18:44:02.480000+00:00,2014-06-18 18:44:02+00:00,2014-06-18 18:44:29+00:00,1.35744,1.35714,0.00029999999999996696,1948.183,1947.987,0.1959999999999127
63,868.640,877.640,So that hasn’t changed at all in terms of the Committee’s tolerance for permanent deviations from our objective.,CHAIR YELLEN.,2014-06-18 18:44:28.640000+00:00,2014-06-18 18:44:29+00:00,2014-06-18 18:44:38+00:00,1.35738,1.3574000000000002,-2.0000000000131024e-05,1948.183,1948.183,0.0
64,877.640,898.480,"And we continue to see the data coming in, abstracting from the noise, in line with what we had expected, and continue to see a gradual pickup over the next several years toward our 2 percent objective.",CHAIR YELLEN.,2014-06-18 18:44:37.640000+00:00,2014-06-18 18:44:38+00:00,2014-06-18 18:44:58+00:00,1.35735,1.35738,-2.999999999997449e-05,1947.968,1947.981,-0.012999999999919964
65,898.480,900.120,Robin Harding from the Financial Times.,ROBIN HARDING.,2014-06-18 18:44:58.480000+00:00,2014-06-18 18:44:58+00:00,2014-06-18 18:45:00+00:00,1.35735,1.35735,0.0,1947.664,1947.664,0.0
66,900.120,906.320,"Madam Chair, could you comment a little bit more on the decline in the long-run interest rate projection?",ROBIN HARDING.,2014-06-18 18:45:00.120000+00:00,2014-06-18 18:45:00+00:00,2014-06-18 18:45:06+00:00,1.35748,1.35735,0.00012999999999996348,1947.698,1947.698,0.0
67,906.320,912.640,Is that more to do with temporary headwinds from the recovery or is it something more permanent about the economy?,ROBIN HARDING.,2014-06-18 18:45:06.320000+00:00,2014-06-18 18:45:06+00:00,2014-06-18 18:45:13+00:00,1.35748,1.35738,9.999999999998899e-05,1947.698,1947.698,0.0
68,912.640,915.720,"And is this it, this decline to 3.75 percent?",ROBIN HARDING.,2014-06-18 18:45:12.640000+00:00,2014-06-18 18:45:13+00:00,2014-06-18 18:45:16+00:00,1.35742,1.35741,1.0000000000065512e-05,1947.964,1947.964,0.0
69,915.720,919.080,Or do you think there’s potential for this rate to go lower yet?,ROBIN HARDING.,2014-06-18 18:45:15.720000+00:00,2014-06-18 18:45:16+00:00,2014-06-18 18:45:19+00:00,1.35741,1.35741,0.0,1947.964,1947.964,0.0
70,919.080,920.160,Thank you.,ROBIN HARDING.,2014-06-18 18:45:19.080000+00:00,2014-06-18 18:45:19+00:00,2014-06-18 18:45:20+00:00,1.35741,1.35741,0.0,1947.964,1947.964,0.0
71,920.160,932.680,"Well, you do see a very slight decline this time in the Committee’s longer-term normal rate of interest projections.",CHAIR YELLEN.,2014-06-18 18:45:20.160000+00:00,2014-06-18 18:45:20+00:00,2014-06-18 18:45:33+00:00,1.35738,1.35741,-2.999999999997449e-05,1947.987,1947.964,0.023000000000138243
72,932.680,955.440,"You know, I would caution you, however, we’ve had turnover in the Committee—two new participants who joined and are submitting projections and two who departed—and that can create changes in the projections, small changes that are difficult to interpret.",CHAIR YELLEN.,2014-06-18 18:45:32.680000+00:00,2014-06-18 18:45:33+00:00,2014-06-18 18:45:55+00:00,1.35743,1.35738,4.999999999988347e-05,1948.483,1947.987,0.4959999999998672
73,955.440,958.880,But I think it’s fair to say there has been a slight decline.,CHAIR YELLEN.,2014-06-18 18:45:55.440000+00:00,2014-06-18 18:45:55+00:00,2014-06-18 18:45:59+00:00,1.3573000000000002,1.35728,2.0000000000131024e-05,1948.483,1948.483,0.0
74,958.880,993.120,"And I think, you know, the most likely reason for that is there has been some slight decline, as I mentioned in my opening statement, of projections pertaining to longer-term growth, and typically estimates of the longer-run normal federal funds rate or short-term interest rates would move in line with growth projections.",CHAIR YELLEN.,2014-06-18 18:45:58.880000+00:00,2014-06-18 18:45:59+00:00,2014-06-18 18:46:33+00:00,1.3571700000000002,1.3573000000000002,-0.00012999999999996348,1947.676,1948.483,-0.8070000000000164
75,993.120,994.640,"Hi, Ylan from the Washington Post.",YLAN MUI.,2014-06-18 18:46:33.120000+00:00,2014-06-18 18:46:33+00:00,2014-06-18 18:46:35+00:00,1.35724,1.35724,0.0,1947.676,1947.676,0.0
76,994.640,999.080,"My question is sort of the flip side of Steve’s, and it’s about your outlook for unemployment.",YLAN MUI.,2014-06-18 18:46:34.640000+00:00,2014-06-18 18:46:35+00:00,2014-06-18 18:46:39+00:00,1.35734,1.35732,1.999999999990898e-05,1947.676,1947.676,0.0
77,999.080,1008.280,"Your predecessor has said that the Fed has been consistently too pessimistic about the level of the unemployment rate, and today, you guys lowered your outlook again.",YLAN MUI.,2014-06-18 18:46:39.080000+00:00,2014-06-18 18:46:39+00:00,2014-06-18 18:46:48+00:00,1.3573700000000002,1.3573700000000002,0.0,1947.676,1947.676,0.0
78,1008.280,1015.600,Can you tell me a little bit more about how you see the unemployment rate evolving to meet your forecast?,YLAN MUI.,2014-06-18 18:46:48.280000+00:00,2014-06-18 18:46:48+00:00,2014-06-18 18:46:56+00:00,1.35736,1.35734,1.999999999990898e-05,1947.676,1947.676,0.0
79,1015.600,1019.320,Why you believe the rate of decline will start to level off?,YLAN MUI.,2014-06-18 18:46:55.600000+00:00,2014-06-18 18:46:56+00:00,2014-06-18 18:46:59+00:00,1.35736,1.35736,0.0,1947.676,1947.676,0.0
80,1019.320,1023.560,And what an unexpected drop might mean for the first rate hike.,YLAN MUI.,2014-06-18 18:46:59.320000+00:00,2014-06-18 18:46:59+00:00,2014-06-18 18:47:04+00:00,1.3573000000000002,1.35736,-5.999999999972694e-05,1947.976,1947.676,0.3000000000001819
81,1023.560,1040.600,"So, it’s true that unemployment has declined by more than the Committee expected and you do see a small downward revision in the Committee’s projections, at least the central tendency for the unemployment rate.",CHAIR YELLEN.,2014-06-18 18:47:03.560000+00:00,2014-06-18 18:47:04+00:00,2014-06-18 18:47:21+00:00,1.3573000000000002,1.3572700000000002,2.999999999997449e-05,1947.685,1947.976,-0.29100000000016735
82,1040.600,1047.920,"Now, first of all, I mean, the labor market, I think, has continued to broadly improve.",CHAIR YELLEN.,2014-06-18 18:47:20.600000+00:00,2014-06-18 18:47:21+00:00,2014-06-18 18:47:28+00:00,1.35703,1.35725,-0.000220000000000109,1947.685,1947.685,0.0
83,1047.920,1058.720,We have seen continued job growth at a pace that is certainly sufficient to be diminishing labor market slack over time.,CHAIR YELLEN.,2014-06-18 18:47:27.920000+00:00,2014-06-18 18:47:28+00:00,2014-06-18 18:47:39+00:00,1.3569700000000002,1.35701,-3.999999999981796e-05,1947.685,1947.685,0.0
84,1058.720,1074.080,"Over the last three months, for example, employment—payroll employment—has been rising around 230,000 jobs per month and we’re running close to 200,000 over the last year.",CHAIR YELLEN.,2014-06-18 18:47:38.720000+00:00,2014-06-18 18:47:39+00:00,2014-06-18 18:47:54+00:00,1.35682,1.357,-0.000180000000000069,1947.969,1947.965,0.004000000000132786
85,1074.080,1079.600,"So, it’s in no way surprising to see a decline in the unemployment rate.",CHAIR YELLEN.,2014-06-18 18:47:54.080000+00:00,2014-06-18 18:47:54+00:00,2014-06-18 18:48:00+00:00,1.35683,1.35675,8.000000000008001e-05,1948.184,1947.969,0.21499999999991815
86,1079.600,1096.080,"That said, many of my colleagues and I would see a portion of the decline in the unemployment rate as perhaps not representing a diminution of slack in the labor market.",CHAIR YELLEN.,2014-06-18 18:47:59.600000+00:00,2014-06-18 18:48:00+00:00,2014-06-18 18:48:16+00:00,1.35691,1.3569,1.0000000000065512e-05,1948.191,1947.977,0.2139999999999418
87,1096.080,1100.400,We have seen labor force participation rate decline.,CHAIR YELLEN.,2014-06-18 18:48:16.080000+00:00,2014-06-18 18:48:16+00:00,2014-06-18 18:48:20+00:00,1.35695,1.35689,6.000000000017103e-05,1947.979,1947.979,0.0
88,1100.400,1132.000,"And while I think most of us would agree that there has been and will continue to be secular decline in the labor force participation rate for demographic reasons, I think a portion of the decline we’ve seen in the unemployment rate probably reflects a kind of shadow unemployment or discouragement, a cyclical part of labor force participation.",CHAIR YELLEN.,2014-06-18 18:48:20.400000+00:00,2014-06-18 18:48:20+00:00,2014-06-18 18:48:52+00:00,1.35702,1.3569700000000002,4.9999999999661426e-05,1948.459,1947.979,0.4800000000000182
89,1132.000,1152.640,"Now, if that’s correct, we may see that as the economy picks up steam and we see further recovery in the labor market, that those, let’s call them discouraged workers, will return either to unemployment or to employment.",CHAIR YELLEN.,2014-06-18 18:48:52+00:00,2014-06-18 18:48:52+00:00,2014-06-18 18:49:13+00:00,1.3570700000000002,1.357,7.000000000023654e-05,1948.063,1948.459,-0.39599999999995816
90,1152.640,1161.000,"And as labor force participation begins to stabilize, the unemployment rate will come down less quickly.",CHAIR YELLEN.,2014-06-18 18:49:12.640000+00:00,2014-06-18 18:49:13+00:00,2014-06-18 18:49:21+00:00,1.3571,1.3570700000000002,2.9999999999752447e-05,1948.197,1948.197,0.0
91,1161.000,1166.400,"And I think for a number of people, that’s a component of the forecast.",CHAIR YELLEN.,2014-06-18 18:49:21+00:00,2014-06-18 18:49:21+00:00,2014-06-18 18:49:26+00:00,1.35693,1.35698,-5.0000000000105516e-05,1947.988,1948.197,-0.20899999999983265
92,1166.400,1195.280,"You asked about implications for the path of policy and I would just say, the guidance that we’ve given, our forward guidance, states that the timing of liftoff will depend on actual progress we see and the progress we expect to see going forward in terms of achieving both of our goals, namely maximum employment and our 2 percent inflation objective.",CHAIR YELLEN.,2014-06-18 18:49:26.400000+00:00,2014-06-18 18:49:26+00:00,2014-06-18 18:49:55+00:00,1.35683,1.35678,4.999999999988347e-05,1948.184,1948.166,0.018000000000029104
93,1195.280,1208.320,"So, we’re not going to look at any single indicator like the unemployment rate to assess how we’re doing on meeting our employment goal; we will look at a broad range of indicators.",CHAIR YELLEN.,2014-06-18 18:49:55.280000+00:00,2014-06-18 18:49:55+00:00,2014-06-18 18:50:08+00:00,1.3568600000000002,1.3568600000000002,0.0,1948.685,1948.184,0.5009999999999764
94,1208.320,1215.280,"That said, as I tried to emphasize in my opening statement, there is uncertainty about monetary policy.",CHAIR YELLEN.,2014-06-18 18:50:08.320000+00:00,2014-06-18 18:50:08+00:00,2014-06-18 18:50:15+00:00,1.35695,1.3568600000000002,8.999999999992347e-05,1948.491,1948.685,-0.19399999999995998
95,1215.280,1229.080,"The appropriate path of policy, the timing in pace of interest rate increases, ought to and I believe will respond to unfolding economic developments.",CHAIR YELLEN.,2014-06-18 18:50:15.280000+00:00,2014-06-18 18:50:15+00:00,2014-06-18 18:50:29+00:00,1.3570600000000002,1.3569700000000002,8.999999999992347e-05,1948.491,1948.491,0.0
96,1229.080,1238.480,"If those were to prove faster than the Committee expects, it would be logical to expect a more rapid increase in the fed funds rate.",CHAIR YELLEN.,2014-06-18 18:50:29.080000+00:00,2014-06-18 18:50:29+00:00,2014-06-18 18:50:38+00:00,1.3568700000000002,1.357,-0.00012999999999974143,1948.981,1948.491,0.4900000000000091
97,1238.480,1240.680,But the opposite also holds true.,CHAIR YELLEN.,2014-06-18 18:50:38.480000+00:00,2014-06-18 18:50:38+00:00,2014-06-18 18:50:41+00:00,1.3567600000000002,1.3568700000000002,-0.0001100000000000545,1948.964,1948.664,0.2999999999999545
98,1240.680,1258.800,"If we don’t see the improvement that’s projected in the baseline outlook, that the opposite would be true and the pace of the timing and pace of interest rate increases would be later and more gradual.",CHAIR YELLEN.,2014-06-18 18:50:40.680000+00:00,2014-06-18 18:50:41+00:00,2014-06-18 18:50:59+00:00,1.3568,1.3567600000000002,3.999999999981796e-05,1949.186,1948.964,0.22199999999998
99,1258.800,1266.800,Jon Hilsenrath from the Wall Street Journal.,JON HILSENRATH.,2014-06-18 18:50:58.800000+00:00,2014-06-18 18:50:59+00:00,2014-06-18 18:51:07+00:00,1.35683,1.3568,2.999999999997449e-05,1949.195,1949.195,0.0
100,1266.800,1276.920,"Chair Yellen, some Fed officials and some market commentators have noted that market conditions recently have looked a little bit like they did last spring before a period of turbulence.",JON HILSENRATH.,2014-06-18 18:51:06.800000+00:00,2014-06-18 18:51:07+00:00,2014-06-18 18:51:17+00:00,1.35683,1.3568700000000002,-4.000000000026205e-05,1949.196,1949.195,0.0009999999999763531
101,1276.920,1280.560,Volatility is very low in stock and bond markets.,JON HILSENRATH.,2014-06-18 18:51:16.920000+00:00,2014-06-18 18:51:17+00:00,2014-06-18 18:51:21+00:00,1.35677,1.35677,0.0,1949.173,1949.466,-0.2929999999998927
102,1280.560,1294.000,"Risk premiums are very low, and in particular, the market expectations for interest rates, for short-term interest rates look below even the Fed’s own projections as laid out in your dot plot.",JON HILSENRATH.,2014-06-18 18:51:20.560000+00:00,2014-06-18 18:51:21+00:00,2014-06-18 18:51:34+00:00,1.35698,1.35677,0.00021000000000004349,1948.98,1949.173,-0.19299999999998363
103,1294.000,1296.320,I wanted to ask two questions related to that.,JON HILSENRATH.,2014-06-18 18:51:34+00:00,2014-06-18 18:51:34+00:00,2014-06-18 18:51:36+00:00,1.35698,1.35698,0.0,1949.161,1949.161,0.0
104,1296.320,1305.280,"One, what is your read on these—on market activity, and are you at all concerned about a sense of complacency in markets?",JON HILSENRATH.,2014-06-18 18:51:36.320000+00:00,2014-06-18 18:51:36+00:00,2014-06-18 18:51:45+00:00,1.35698,1.35698,0.0,1949.161,1949.161,0.0
105,1305.280,1315.320,"And, two, what is your view on market expectations for the rate hike cycle that the Fed has laid out in its dot plot?",JON HILSENRATH.,2014-06-18 18:51:45.280000+00:00,2014-06-18 18:51:45+00:00,2014-06-18 18:51:55+00:00,1.35698,1.357,-1.999999999990898e-05,1949.989,1949.161,0.8279999999999745
106,1315.320,1320.600,"Or, is the market where you think the Fed is on that?",JON HILSENRATH.,2014-06-18 18:51:55.320000+00:00,2014-06-18 18:51:55+00:00,2014-06-18 18:52:01+00:00,1.35689,1.35698,-9.000000000014552e-05,1949.695,1949.989,-0.2940000000000964
107,1320.600,1331.360,"Well, I mean, I’d start by saying that volatility, both actual and expected, in markets is at low levels.",CHAIR YELLEN.,2014-06-18 18:52:00.600000+00:00,2014-06-18 18:52:01+00:00,2014-06-18 18:52:11+00:00,1.3568600000000002,1.3568600000000002,0.0,1949.995,1949.695,0.2999999999999545
108,1331.360,1341.080,The FOMC has no target for what the right level of volatility should be.,CHAIR YELLEN.,2014-06-18 18:52:11.360000+00:00,2014-06-18 18:52:11+00:00,2014-06-18 18:52:21+00:00,1.3567600000000002,1.35682,-5.999999999972694e-05,1949.975,1949.995,-0.01999999999998181
109,1341.080,1369.800,"But to the extent that low levels of volatility may induce risk-taking behavior that, for example, entails excessive buildup in leverage or maturity extension, things that can pose risks to financial stability later on, that is a concern to me and to the Committee.",CHAIR YELLEN.,2014-06-18 18:52:21.080000+00:00,2014-06-18 18:52:21+00:00,2014-06-18 18:52:50+00:00,1.3570600000000002,1.3567600000000002,0.00029999999999996696,1949.694,1949.975,-0.28099999999994907
110,1369.800,1376.120,I don’t know whether a number of reasons have been cited for what we’re seeing in the marketplace.,CHAIR YELLEN.,2014-06-18 18:52:49.800000+00:00,2014-06-18 18:52:50+00:00,2014-06-18 18:52:56+00:00,1.3571700000000002,1.35715,2.0000000000131024e-05,1949.981,1949.981,0.0
111,1376.120,1383.520,I don’t know if overconfidence or complacency is one of those reasons.,CHAIR YELLEN.,2014-06-18 18:52:56.120000+00:00,2014-06-18 18:52:56+00:00,2014-06-18 18:53:04+00:00,1.3573700000000002,1.35728,9.000000000014552e-05,1949.185,1949.481,-0.2960000000000491
112,1383.520,1397.960,"But I guess I would say, it is important, as I emphasized in my opening statement, for market participants to recognize that there is uncertainty about what the path of interest rates—short-term rates—will be.",CHAIR YELLEN.,2014-06-18 18:53:03.520000+00:00,2014-06-18 18:53:04+00:00,2014-06-18 18:53:18+00:00,1.3569700000000002,1.35733,-0.0003599999999996939,1949.178,1948.966,0.21200000000021646
113,1397.960,1404.000,And that’s necessary because there’s uncertainty about what the path of the economy will be.,CHAIR YELLEN.,2014-06-18 18:53:17.960000+00:00,2014-06-18 18:53:18+00:00,2014-06-18 18:53:24+00:00,1.35698,1.3569700000000002,9.999999999843467e-06,1948.695,1948.962,-0.26700000000005275
114,1404.000,1423.880,"And I want to emphasize, as I have, that the FOMC will adjust policy to what it actually sees unfolding in the economy over time, and that necessarily gives rise to a certain level of uncertainty about what the path of rates will be.",CHAIR YELLEN.,2014-06-18 18:53:24+00:00,2014-06-18 18:53:24+00:00,2014-06-18 18:53:44+00:00,1.3571,1.35699,0.0001100000000000545,1948.967,1948.695,0.2720000000001619
115,1423.880,1429.160,And it is important for market participants to factor that into their decisionmaking.,CHAIR YELLEN.,2014-06-18 18:53:43.880000+00:00,2014-06-18 18:53:44+00:00,2014-06-18 18:53:49+00:00,1.35708,1.3571,-1.999999999990898e-05,1948.967,1948.967,0.0
116,1429.160,1478.720,"You asked me about the dot plot—our forecast, or our projections, for the fed funds rate—and you do see a range of disagreement among the participants there, so by the time you get to 2016, there is a considerable range of opinion, and I think, in part, that reflects the uncertainty that I’m talking about—that participants do see different pace of recovery, different trajectories for inflation, and it’s appropriate for them to adjust their thinking about what the path of policy should be to their own view of how the economy will evolve over time.",CHAIR YELLEN.,2014-06-18 18:53:49.160000+00:00,2014-06-18 18:53:49+00:00,2014-06-18 18:54:39+00:00,1.35724,1.35708,0.00015999999999993797,1950.178,1948.967,1.2110000000000127
117,1478.720,1493.440,"And around each of those dots, I think every participant who’s filling out that questionnaire has a considerable band of uncertainty around their own individual forecast.",CHAIR YELLEN.,2014-06-18 18:54:38.720000+00:00,2014-06-18 18:54:39+00:00,2014-06-18 18:54:53+00:00,1.35726,1.35722,3.999999999981796e-05,1949.69,1950.178,-0.4880000000000564
118,1493.440,1499.960,"Binya Appelbaum, New York Times.",BINYAMIN APPELBAUM.,2014-06-18 18:54:53.440000+00:00,2014-06-18 18:54:53+00:00,2014-06-18 18:55:00+00:00,1.35726,1.35726,0.0,1949.69,1949.69,0.0
119,1499.960,1509.920,You’ve spoken about the sense that the recession has done permanent damage to the economic output and you’ve reduced gradually over time your forecast of long-term growth.,BINYAMIN APPELBAUM.,2014-06-18 18:54:59.960000+00:00,2014-06-18 18:55:00+00:00,2014-06-18 18:55:10+00:00,1.35728,1.3573000000000002,-2.0000000000131024e-05,1949.685,1949.694,-0.009000000000014552
120,1509.920,1515.640,I am curious to know to what extent you think stronger monetary and/or fiscal policy could reverse those trends.,BINYAMIN APPELBAUM.,2014-06-18 18:55:09.920000+00:00,2014-06-18 18:55:10+00:00,2014-06-18 18:55:16+00:00,1.35722,1.3572,2.0000000000131024e-05,1949.685,1949.685,0.0
121,1515.640,1517.600,Are we stuck with slower growth?,BINYAMIN APPELBAUM.,2014-06-18 18:55:15.640000+00:00,2014-06-18 18:55:16+00:00,2014-06-18 18:55:18+00:00,1.35729,1.35729,0.0,1949.685,1949.685,0.0
122,1517.600,1519.400,Is there something that you can do about it?,BINYAMIN APPELBAUM.,2014-06-18 18:55:17.600000+00:00,2014-06-18 18:55:18+00:00,2014-06-18 18:55:19+00:00,1.35729,1.3572700000000002,1.999999999990898e-05,1949.685,1949.685,0.0
123,1519.400,1520.680,"If so, what?",BINYAMIN APPELBAUM.,2014-06-18 18:55:19.400000+00:00,2014-06-18 18:55:19+00:00,2014-06-18 18:55:21+00:00,1.3572700000000002,1.3572700000000002,0.0,1949.685,1949.685,0.0
124,1520.680,1521.560,"If not, why?",BINYAMIN APPELBAUM.,2014-06-18 18:55:20.680000+00:00,2014-06-18 18:55:21+00:00,2014-06-18 18:55:22+00:00,1.35726,1.3572700000000002,-1.0000000000287557e-05,1949.685,1949.685,0.0
125,1521.560,1542.400,"Well, I think part of the reason that we are seeing slower growth in potential output may reflect the fact that capital investment has been very weak during the downturn in the long recovery that we’re experiencing.",CHAIR YELLEN.,2014-06-18 18:55:21.560000+00:00,2014-06-18 18:55:22+00:00,2014-06-18 18:55:42+00:00,1.35723,1.3572700000000002,-4.000000000026205e-05,1949.685,1949.685,0.0
126,1542.400,1551.400,"So, a diminished contribution from capital formation to growth does make a negative contribution to growth.",CHAIR YELLEN.,2014-06-18 18:55:42.400000+00:00,2014-06-18 18:55:42+00:00,2014-06-18 18:55:51+00:00,1.3572,1.35724,-4.0000000000040004e-05,1949.685,1949.685,0.0
127,1551.400,1558.480,"And as the economy picks up, I certainly would hope to see that contribution restored.",CHAIR YELLEN.,2014-06-18 18:55:51.400000+00:00,2014-06-18 18:55:51+00:00,2014-06-18 18:55:58+00:00,1.3572,1.3572,0.0,1949.685,1949.685,0.0
128,1558.480,1565.840,"So, I think that’s one of the factors that’s been operative.",CHAIR YELLEN.,2014-06-18 18:55:58.480000+00:00,2014-06-18 18:55:58+00:00,2014-06-18 18:56:06+00:00,1.35719,1.3572,-1.0000000000065512e-05,1949.99,1949.685,0.30500000000006366
129,1565.840,1573.880,"Of course, we’ve had unusually long duration unemployment.",CHAIR YELLEN.,2014-06-18 18:56:05.840000+00:00,2014-06-18 18:56:06+00:00,2014-06-18 18:56:14+00:00,1.35719,1.35719,0.0,1949.99,1949.99,0.0
130,1573.880,1581.520,A very large fraction of those unemployed have been unemployed for more than six months.,CHAIR YELLEN.,2014-06-18 18:56:13.880000+00:00,2014-06-18 18:56:14+00:00,2014-06-18 18:56:22+00:00,1.35718,1.35719,-9.999999999843467e-06,1949.989,1950.169,-0.18000000000006366
131,1581.520,1603.440,"And there is the fear that those individuals find it harder to gain employment, that their attachment to the labor force may diminish over time and the networks of contacts that are—they have that are helpful in gaining employment can begin to erode over time.",CHAIR YELLEN.,2014-06-18 18:56:21.520000+00:00,2014-06-18 18:56:22+00:00,2014-06-18 18:56:43+00:00,1.3571700000000002,1.35718,-9.999999999843467e-06,1949.978,1949.989,-0.010999999999967258
132,1603.440,1616.240,"We could see what’s known as hysteresis, where individuals, because they haven’t had jobs for a long time, find themselves permanently outside the labor force.",CHAIR YELLEN.,2014-06-18 18:56:43.440000+00:00,2014-06-18 18:56:43+00:00,2014-06-18 18:56:56+00:00,1.35699,1.3570700000000002,-8.000000000030205e-05,1950.461,1950.493,-0.03199999999992542
133,1616.240,1650.280,"My hope would be that as—and my expectation is that as the economy recovers, we will see some repair of that, that many of those individuals who were long-term unemployed or those who are now counted as out of the labor force would take jobs if the economy is stronger and would be drawn back in again, but it is conceivable that there is some permanent damage there to them, to their own well-being, their family’s well-being, and the economy’s potential.",CHAIR YELLEN.,2014-06-18 18:56:56.240000+00:00,2014-06-18 18:56:56+00:00,2014-06-18 18:57:30+00:00,1.35678,1.35691,-0.00012999999999996348,1950.983,1950.675,0.3079999999999927
134,1650.280,1655.520,"Thank you, Madam Chair.",CRAIG TORRES.,2014-06-18 18:57:30.280000+00:00,2014-06-18 18:57:30+00:00,2014-06-18 18:57:36+00:00,1.35681,1.35679,2.0000000000131024e-05,1950.983,1950.983,0.0
135,1655.520,1672.240,"I believe you mentioned in your opening remarks tighter credit, and I’m wondering what you think of the possibility that the Federal Reserve itself, with the regulations it has to impose under Dodd-Frank, is partly responsible for that.",CRAIG TORRES.,2014-06-18 18:57:35.520000+00:00,2014-06-18 18:57:36+00:00,2014-06-18 18:57:52+00:00,1.35678,1.35672,6.000000000017103e-05,1950.979,1950.983,-0.0039999999999054126
136,1672.240,1674.600,"And, second, the current trend toward litigation.",CRAIG TORRES.,2014-06-18 18:57:52.240000+00:00,2014-06-18 18:57:52+00:00,2014-06-18 18:57:55+00:00,1.3567600000000002,1.3567600000000002,0.0,1950.979,1950.979,0.0
137,1674.600,1684.920,"I recently read something where just the three largest banks in the U.S. have paid $51 billion dollars in fines so far, and obviously, the number is rising.",CRAIG TORRES.,2014-06-18 18:57:54.600000+00:00,2014-06-18 18:57:55+00:00,2014-06-18 18:58:05+00:00,1.3566600000000002,1.35672,-5.999999999972694e-05,1950.986,1950.979,0.007000000000061846
138,1684.920,1689.360,"So, why would anybody loan to a near-prime borrower?",CRAIG TORRES.,2014-06-18 18:58:04.920000+00:00,2014-06-18 18:58:05+00:00,2014-06-18 18:58:09+00:00,1.35671,1.35667,4.0000000000040004e-05,1950.986,1950.986,0.0
139,1689.360,1702.080,"And, in fact, if you look at Federal Reserve Bank of New York research, here we are, five years into the expansion, and people below FICO of 700 are having worse credit experiences.",CRAIG TORRES.,2014-06-18 18:58:09.360000+00:00,2014-06-18 18:58:09+00:00,2014-06-18 18:58:22+00:00,1.3566600000000002,1.35673,-6.999999999979245e-05,1950.696,1950.986,-0.290000000000191
140,1702.080,1706.880,"So it probably isn’t because, you know, unemployment’s declining.",CRAIG TORRES.,2014-06-18 18:58:22.080000+00:00,2014-06-18 18:58:22+00:00,2014-06-18 18:58:27+00:00,1.3566600000000002,1.3566600000000002,0.0,1950.66,1950.696,-0.035999999999830834
141,1706.880,1709.320,It’s probably because banks simply don’t want to take the risk.,CRAIG TORRES.,2014-06-18 18:58:26.880000+00:00,2014-06-18 18:58:27+00:00,2014-06-18 18:58:29+00:00,1.35657,1.35657,0.0,1950.66,1950.66,0.0
142,1709.320,1715.760,"So, as the nation’s top bank regulator, what can you do to fix that?",CRAIG TORRES.,2014-06-18 18:58:29.320000+00:00,2014-06-18 18:58:29+00:00,2014-06-18 18:58:36+00:00,1.3565,1.3565600000000002,-6.000000000017103e-05,1950.66,1950.66,0.0
143,1715.760,1734.800,"So, I first would start by saying that I really think it’s essential in the aftermath of this crisis to strengthen financial regulation and to make the financial system more robust and to reduce systemic risk.",CHAIR YELLEN.,2014-06-18 18:58:35.760000+00:00,2014-06-18 18:58:36+00:00,2014-06-18 18:58:55+00:00,1.35637,1.3565200000000002,-0.0001500000000000945,1950.183,1950.66,-0.47700000000008913
144,1734.800,1745.040,We can see what the costs of the financial crisis were and I don’t think any of us should want to see that repeated.,CHAIR YELLEN.,2014-06-18 18:58:54.800000+00:00,2014-06-18 18:58:55+00:00,2014-06-18 18:59:05+00:00,1.3564200000000002,1.35637,5.0000000000105516e-05,1950.183,1950.183,0.0
145,1745.040,1767.920,"So, I think the regulations that we’ve put in place, most of which follow from Dodd-Frank, are highly appropriate to create a more robust financial system that will be a safer and sounder one for our economy going forward, and I think we’re making progress on doing that.",CHAIR YELLEN.,2014-06-18 18:59:05.040000+00:00,2014-06-18 18:59:05+00:00,2014-06-18 18:59:28+00:00,1.3560100000000002,1.3564200000000002,-0.00041000000000002146,1950.197,1950.183,0.013999999999896318
146,1767.920,1783.240,"In putting regulations into place, we have tried to phase them in, in a way that gives long enough lead times to make sure that in strengthening the financial system, we don’t produce a credit crunch.",CHAIR YELLEN.,2014-06-18 18:59:27.920000+00:00,2014-06-18 18:59:28+00:00,2014-06-18 18:59:43+00:00,1.35583,1.35597,-0.00013999999999980695,1950.488,1950.197,0.29100000000016735
147,1783.240,1799.120,"And by and large, my own assessment is that credit is broadly available in the economy, but there are some exceptions, and I would agree with much of what you said when it comes to mortgage credit.",CHAIR YELLEN.,2014-06-18 18:59:43.240000+00:00,2014-06-18 18:59:43+00:00,2014-06-18 18:59:59+00:00,1.3559200000000002,1.3557100000000002,0.00021000000000004349,1950.463,1950.487,-0.024000000000114596
148,1799.120,1808.280,"I think banks, at this point, are reluctant to lend to borrowers with lower FICO scores.",CHAIR YELLEN.,2014-06-18 18:59:59.120000+00:00,2014-06-18 18:59:59+00:00,2014-06-18 19:00:08+00:00,1.3558,1.35588,-8.000000000008001e-05,1950.463,1950.463,0.0
149,1808.280,1824.920,"They mention in meetings with us consistently their concerns about putback risk, and I think they are—it is difficult for any homeowner who doesn’t have pristine credit these days to get a mortgage.",CHAIR YELLEN.,2014-06-18 19:00:08.280000+00:00,2014-06-18 19:00:08+00:00,2014-06-18 19:00:25+00:00,1.35587,1.35574,0.00012999999999996348,1950.485,1950.463,0.021999999999934516
150,1824.920,1830.640,I think that is one of the factors that is causing the housing recovery to be slow.,CHAIR YELLEN.,2014-06-18 19:00:24.920000+00:00,2014-06-18 19:00:25+00:00,2014-06-18 19:00:31+00:00,1.35587,1.3559100000000002,-4.000000000026205e-05,1950.993,1950.664,0.3289999999999509
151,1830.640,1834.840,"It’s not the only one, but I would agree with that assessment.",CHAIR YELLEN.,2014-06-18 19:00:30.640000+00:00,2014-06-18 19:00:31+00:00,2014-06-18 19:00:35+00:00,1.35578,1.35578,0.0,1950.6720000000005,1950.993,-0.32099999999945794
152,1834.840,1861.480,"And of course, you know, there were a lot of practices in connection with mortgage lending that really needed to be changed, we don’t want to go back to those days, but it is important to clarify—for us to work to clarify the rules around mortgage lending to create an environment of greater certainty for lenders to be willing to extend mortgage credit.",CHAIR YELLEN.,2014-06-18 19:00:34.840000+00:00,2014-06-18 19:00:35+00:00,2014-06-18 19:01:01+00:00,1.3555,1.35578,-0.000280000000000058,1950.6720000000005,1950.6720000000005,0.0
153,1861.480,1868.640,"Good afternoon, Jason Lange with Reuters.",JASON LANGE.,2014-06-18 19:01:01.480000+00:00,2014-06-18 19:01:01+00:00,2014-06-18 19:01:09+00:00,1.35548,1.3554700000000002,9.999999999843467e-06,1950.689,1950.6720000000005,0.016999999999598003
154,1868.640,1888.160,"Chair Yellen, the Fed has slashed its growth projections for this year, and you’ve gone to pains to explain that there is uncertainty in the path of interest rates in the economy, and yet the Fed central tendency projections for 2015 and 2016 remain quite strong.",JASON LANGE.,2014-06-18 19:01:08.640000+00:00,2014-06-18 19:01:09+00:00,2014-06-18 19:01:28+00:00,1.35552,1.35548,4.0000000000040004e-05,1950.463,1950.689,-0.22600000000011278
155,1888.160,1896.120,Are you confident that the U.S. economy has entered a period of sustained above-trend economic growth?,JASON LANGE.,2014-06-18 19:01:28.160000+00:00,2014-06-18 19:01:28+00:00,2014-06-18 19:01:36+00:00,1.3559,1.35563,0.0002700000000002145,1950.463,1950.463,0.0
156,1896.120,1896.800,Thank you.,JASON LANGE.,2014-06-18 19:01:36.120000+00:00,2014-06-18 19:01:36+00:00,2014-06-18 19:01:37+00:00,1.35579,1.35577,2.0000000000131024e-05,1950.463,1950.463,0.0
157,1896.800,1915.720,"Well, when you say “confident,” I suppose the answer is “no” because there is uncertainty, but I think there are many good reasons why we should see a period of sustained growth in excess of the economy’s potential.",CHAIR YELLEN.,2014-06-18 19:01:36.800000+00:00,2014-06-18 19:01:37+00:00,2014-06-18 19:01:56+00:00,1.3557100000000002,1.35577,-5.999999999972694e-05,1950.692,1950.463,0.22900000000004184
158,1915.720,1919.680,We have a highly accommodative monetary policy.,CHAIR YELLEN.,2014-06-18 19:01:55.720000+00:00,2014-06-18 19:01:56+00:00,2014-06-18 19:02:00+00:00,1.35579,1.35573,5.999999999994898e-05,1950.692,1950.692,0.0
159,1919.680,1922.680,We have diminishing fiscal drag.,CHAIR YELLEN.,2014-06-18 19:01:59.680000+00:00,2014-06-18 19:02:00+00:00,2014-06-18 19:02:03+00:00,1.35579,1.35579,0.0,1950.692,1950.692,0.0
160,1922.680,1926.120,We have easing credit conditions.,CHAIR YELLEN.,2014-06-18 19:02:02.680000+00:00,2014-06-18 19:02:03+00:00,2014-06-18 19:02:06+00:00,1.3559,1.3558,0.00010000000000021103,1950.692,1950.692,0.0
161,1926.120,1940.200,"We have households who are becoming more comfortable with their debt levels and more able to service that debt, an improving job market.",CHAIR YELLEN.,2014-06-18 19:02:06.120000+00:00,2014-06-18 19:02:06+00:00,2014-06-18 19:02:20+00:00,1.35598,1.3559100000000002,6.999999999979245e-05,1950.692,1950.692,0.0
162,1940.200,1949.640,"We have rising home prices and rising equity prices and an improving global economy, at least in my estimation.",CHAIR YELLEN.,2014-06-18 19:02:20.200000+00:00,2014-06-18 19:02:20+00:00,2014-06-18 19:02:30+00:00,1.3560200000000002,1.35598,4.000000000026205e-05,1950.692,1950.692,0.0
163,1949.640,1960.520,So I think all of those things ought to be working to produce above-trend growth and I think that’s what’s reflected in the forecast.,CHAIR YELLEN.,2014-06-18 19:02:29.640000+00:00,2014-06-18 19:02:30+00:00,2014-06-18 19:02:41+00:00,1.35599,1.3560200000000002,-3.0000000000196536e-05,1950.692,1950.692,0.0
164,1960.520,1966.640,"But, nevertheless, as I said, of course there is uncertainty around that projection.",CHAIR YELLEN.,2014-06-18 19:02:40.520000+00:00,2014-06-18 19:02:41+00:00,2014-06-18 19:02:47+00:00,1.35595,1.35599,-4.0000000000040004e-05,1951.195,1950.995,0.20000000000004547
165,1966.640,1984.120,"You know, nevertheless, the labor market has continued to improve, and over a number of years in which, admittedly, growth has come in at a disappointing level, we’ve still seen the labor market broadly improve, and I expect that to continue.",CHAIR YELLEN.,2014-06-18 19:02:46.640000+00:00,2014-06-18 19:02:47+00:00,2014-06-18 19:03:04+00:00,1.35595,1.35589,5.999999999994898e-05,1951.673,1951.195,0.4780000000000655
166,1984.120,1991.080,"Steve Beckner with MNI, Madam Chair.",STEVEN BECKNER.,2014-06-18 19:03:04.120000+00:00,2014-06-18 19:03:04+00:00,2014-06-18 19:03:11+00:00,1.35596,1.35595,1.0000000000065512e-05,1951.495,1951.673,-0.17800000000011096
167,1991.080,1996.520,"You mentioned that there were discussions of the mechanics of normalization, as you put it.",STEVEN BECKNER.,2014-06-18 19:03:11.080000+00:00,2014-06-18 19:03:11+00:00,2014-06-18 19:03:17+00:00,1.35596,1.35596,0.0,1951.495,1951.495,0.0
168,1996.520,2005.200,I assume that that involved some review of the—it was the third anniversary of the June 2011 exit principles.,STEVEN BECKNER.,2014-06-18 19:03:16.520000+00:00,2014-06-18 19:03:17+00:00,2014-06-18 19:03:25+00:00,1.3560100000000002,1.35596,5.0000000000105516e-05,1951.669,1951.495,0.17400000000020555
169,2005.200,2007.720,I wonder if I could get you to elaborate.,STEVEN BECKNER.,2014-06-18 19:03:25.200000+00:00,2014-06-18 19:03:25+00:00,2014-06-18 19:03:28+00:00,1.356,1.3560100000000002,-1.0000000000065512e-05,1951.669,1951.669,0.0
170,2007.720,2018.520,"In particular, is the Committee reaching a consensus about the reinvestment and rollover policies, the timing of discontinuing those policies?",STEVEN BECKNER.,2014-06-18 19:03:27.720000+00:00,2014-06-18 19:03:28+00:00,2014-06-18 19:03:39+00:00,1.356,1.356,0.0,1952.461,1951.669,0.7919999999999163
171,2018.520,2021.280,And I’d be interested in your personal view on that.,STEVEN BECKNER.,2014-06-18 19:03:38.520000+00:00,2014-06-18 19:03:39+00:00,2014-06-18 19:03:41+00:00,1.356,1.356,0.0,1952.67,1952.67,0.0
172,2021.280,2033.040,"Well, reinvestment policy was included in our 2011 exit principles, and it’s one of the things that we are discussing and reconsidering.",CHAIR YELLEN.,2014-06-18 19:03:41.280000+00:00,2014-06-18 19:03:41+00:00,2014-06-18 19:03:53+00:00,1.356,1.356,0.0,1952.161,1952.67,-0.5090000000000146
173,2033.040,2046.000,"We have not yet reached— we’ve made quite a lot of progress in our discussion, but we’ve not yet reached conclusions about that or other aspects of our package.",CHAIR YELLEN.,2014-06-18 19:03:53.040000+00:00,2014-06-18 19:03:53+00:00,2014-06-18 19:04:06+00:00,1.35599,1.356,-1.0000000000065512e-05,1952.161,1952.161,0.0
174,2046.000,2063.240,"There are a couple of things Chairman Bernanke indicated, in contrast to our 2011 principles, that we would be very unlikely to sell mortgage-backed securities, and that remains the case.",CHAIR YELLEN.,2014-06-18 19:04:06+00:00,2014-06-18 19:04:06+00:00,2014-06-18 19:04:23+00:00,1.35605,1.35599,5.999999999994898e-05,1951.964,1952.161,-0.19700000000011642
175,2063.240,2088.880,"Broadly speaking, some of the principles that were incorporated in those—in that 2011 package, the notion that we fully expect our balance sheet to shrink considerably over time back toward more normal levels, toward levels that would be consistent with efficiently conducting monetary policy, that’s still an expectation.",CHAIR YELLEN.,2014-06-18 19:04:23.240000+00:00,2014-06-18 19:04:23+00:00,2014-06-18 19:04:49+00:00,1.35637,1.35603,0.00034000000000000696,1951.688,1951.964,-0.27599999999983993
176,2088.880,2100.080,"I believe it’s an expectation that eventually our portfolio will be—consist largely of Treasuries, eventually, but there are quite a number of details.",CHAIR YELLEN.,2014-06-18 19:04:48.880000+00:00,2014-06-18 19:04:49+00:00,2014-06-18 19:05:00+00:00,1.35649,1.35641,8.000000000008001e-05,1951.688,1951.688,0.0
177,2100.080,2144.240,"We have a number—as you know, a number of tools that we can deploy as we move to normalize policy:  interest on excess reserves, our overnight RRP facility, term repurchase agreements with the markets, our Term Deposit Facility, and exactly how to deploy that set of tools to meet our objective of raising short—the general level of short-term rates when the time becomes appropriate, and how best to communicate to the public and to markets how we are conducting policy and what our objectives are.",CHAIR YELLEN.,2014-06-18 19:05:00.080000+00:00,2014-06-18 19:05:00+00:00,2014-06-18 19:05:44+00:00,1.35609,1.35648,-0.00038999999999989043,1952.37,1951.669,0.7009999999997945
178,2144.240,2157.760,"Those are things we’re discussing and hope we will be able to come back with a full description, or let’s think of it as a revised set of exit principles, later this year.",CHAIR YELLEN.,2014-06-18 19:05:44.240000+00:00,2014-06-18 19:05:44+00:00,2014-06-18 19:05:58+00:00,1.35626,1.35618,8.000000000008001e-05,1952.473,1952.37,0.10300000000006548
179,2157.760,2168.320,"Madam Chair, Donna Borak with American Banker.",DONNA BORAK.,2014-06-18 19:05:57.760000+00:00,2014-06-18 19:05:58+00:00,2014-06-18 19:06:08+00:00,1.35621,1.35623,-2.0000000000131024e-05,1952.497,1952.473,0.024000000000114596
180,2168.320,2174.920,One of the outstanding reform issues on the plate of the Fed is to handle the risk related to short-term wholesale funding.,DONNA BORAK.,2014-06-18 19:06:08.320000+00:00,2014-06-18 19:06:08+00:00,2014-06-18 19:06:15+00:00,1.35621,1.35621,0.0,1952.497,1952.497,0.0
181,2174.920,2181.600,"You’ve been very supportive of this issue, but we’ve really heard little progress so far on where things stand.",DONNA BORAK.,2014-06-18 19:06:14.920000+00:00,2014-06-18 19:06:15+00:00,2014-06-18 19:06:22+00:00,1.3562200000000002,1.35621,1.0000000000287557e-05,1952.497,1952.497,0.0
182,2181.600,2186.600,Can you please explain to us why it’s taken so long to get this proposal out?,DONNA BORAK.,2014-06-18 19:06:21.600000+00:00,2014-06-18 19:06:22+00:00,2014-06-18 19:06:27+00:00,1.3562200000000002,1.3562200000000002,0.0,1952.695,1952.694,0.0009999999999763531
183,2186.600,2194.040,"What are some of the aspects that the Fed is considering in their approach to how they roll out this rule, and where we may be in that process?",DONNA BORAK.,2014-06-18 19:06:26.600000+00:00,2014-06-18 19:06:27+00:00,2014-06-18 19:06:34+00:00,1.35626,1.3562200000000002,3.999999999981796e-05,1952.993,1952.695,0.2980000000000018
184,2194.040,2194.640,Thank you.,DONNA BORAK.,2014-06-18 19:06:34.040000+00:00,2014-06-18 19:06:34+00:00,2014-06-18 19:06:35+00:00,1.35626,1.35626,0.0,1952.993,1952.993,0.0
185,2194.640,2201.640,So I’m afraid that I can’t give you a detailed timetable for when we will move forward with that rule.,CHAIR YELLEN.,2014-06-18 19:06:34.640000+00:00,2014-06-18 19:06:35+00:00,2014-06-18 19:06:42+00:00,1.35623,1.35628,-4.999999999988347e-05,1952.993,1952.993,0.0
186,2201.640,2216.360,"I’ve been supportive, Governor Tarullo and others have been supportive, of taking some action to diminish the incentives for heavy reliance on short-term funding.",CHAIR YELLEN.,2014-06-18 19:06:41.640000+00:00,2014-06-18 19:06:42+00:00,2014-06-18 19:06:56+00:00,1.35639,1.35628,0.0001100000000000545,1952.99,1952.993,-0.0029999999999290594
187,2216.360,2232.920,We still see that as one of the risks to the financial system that wasn’t really addressed in the risk-based capital requirements that we put out or in the liquidity coverage ratio that’s out for proposal.,CHAIR YELLEN.,2014-06-18 19:06:56.360000+00:00,2014-06-18 19:06:56+00:00,2014-06-18 19:07:13+00:00,1.3564200000000002,1.35639,3.0000000000196536e-05,1953.175,1952.99,0.18499999999994543
188,2232.920,2261.240,"Governor Tarullo has suggested one approach could be to impose a capital requirement that’s related to reliance on wholesale funding, and in my own past comments, I’ve been supportive, but I’m afraid at this point—and this remains very much on the table to take some action to address this—it certainly remains on the table as an unfinished agenda item, but I don’t have a detailed timetable for you.",CHAIR YELLEN.,2014-06-18 19:07:12.920000+00:00,2014-06-18 19:07:13+00:00,2014-06-18 19:07:41+00:00,1.35678,1.3564200000000002,0.00035999999999991594,1953.491,1953.175,0.3160000000000309
189,2261.240,2264.240,"Would it be at some point before the end of the year, at least?",DONNA BORAK.,2014-06-18 19:07:41.240000+00:00,2014-06-18 19:07:41+00:00,2014-06-18 19:07:44+00:00,1.35675,1.35677,-2.0000000000131024e-05,1953.491,1953.491,0.0
190,2264.240,2265.560,Can you say that much?,DONNA BORAK.,2014-06-18 19:07:44.240000+00:00,2014-06-18 19:07:44+00:00,2014-06-18 19:07:46+00:00,1.3568,1.3568,0.0,1953.491,1953.491,0.0
191,2265.560,2267.840,I’m not—I’m just not certain.,CHAIR YELLEN.,2014-06-18 19:07:45.560000+00:00,2014-06-18 19:07:46+00:00,2014-06-18 19:07:48+00:00,1.35683,1.35683,0.0,1953.491,1953.491,0.0
192,2267.840,2271.160,"I’m—I just don’t have a detailed timetable for you, I’m sorry.",CHAIR YELLEN.,2014-06-18 19:07:47.840000+00:00,2014-06-18 19:07:48+00:00,2014-06-18 19:07:51+00:00,1.35679,1.35681,-2.0000000000131024e-05,1953.491,1953.491,0.0
193,2271.160,2279.400,"Madam Chair, Greg Ip of the Economist.",GREG IP.,2014-06-18 19:07:51.160000+00:00,2014-06-18 19:07:51+00:00,2014-06-18 19:07:59+00:00,1.3567600000000002,1.35677,-9.999999999843467e-06,1953.678,1953.689,-0.010999999999967258
194,2279.400,2282.280,This is partly a follow-up to Steve Liesman’s question.,GREG IP.,2014-06-18 19:07:59.400000+00:00,2014-06-18 19:07:59+00:00,2014-06-18 19:08:02+00:00,1.3567600000000002,1.3567600000000002,0.0,1953.462,1953.462,0.0
195,2282.280,2288.880,How would the Committee respond if inflation did temporarily move above target in the near term before you achieve full employment?,GREG IP.,2014-06-18 19:08:02.280000+00:00,2014-06-18 19:08:02+00:00,2014-06-18 19:08:09+00:00,1.35661,1.35667,-5.999999999994898e-05,1953.668,1953.668,0.0
196,2288.880,2299.720,"Your colleague John Williams and the IMF have both suggested that the Committee might consider allowing inflation to temporarily overshoot because that might achieve a faster, larger improvement in employment.",GREG IP.,2014-06-18 19:08:08.880000+00:00,2014-06-18 19:08:09+00:00,2014-06-18 19:08:20+00:00,1.3566,1.3566,0.0,1953.968,1953.668,0.3000000000001819
197,2299.720,2305.920,Second question is:  Will financial stability considerations play a role in when and how fast the Committee normalizes interest rates?,GREG IP.,2014-06-18 19:08:19.720000+00:00,2014-06-18 19:08:20+00:00,2014-06-18 19:08:26+00:00,1.35659,1.3566,-1.0000000000065512e-05,1953.696,1953.696,0.0
198,2305.920,2327.240,"So with respect to the question of overshooting, let me start by saying that inflation continues to run well below our objective, and we’re still some ways away from maximum employment.",CHAIR YELLEN.,2014-06-18 19:08:25.920000+00:00,2014-06-18 19:08:26+00:00,2014-06-18 19:08:47+00:00,1.35659,1.35659,0.0,1953.974,1953.696,0.27800000000002
199,2327.240,2335.440,"And for the moment, I don’t see any tradeoff whatsoever in achieving our two objectives.",CHAIR YELLEN.,2014-06-18 19:08:47.240000+00:00,2014-06-18 19:08:47+00:00,2014-06-18 19:08:55+00:00,1.3566,1.35659,1.0000000000065512e-05,1953.495,1953.974,-0.47900000000004184
200,2335.440,2342.000,"They both call for the same policy—namely, a highly accommodative monetary policy.",CHAIR YELLEN.,2014-06-18 19:08:55.440000+00:00,2014-06-18 19:08:55+00:00,2014-06-18 19:09:02+00:00,1.3567,1.35661,8.999999999992347e-05,1953.495,1953.495,0.0
201,2342.000,2360.040,"So, at best, overshooting of inflation or the thought that we will reach our inflation objective before we have attained maximum employment, I suppose I would see, at most, as a risk that we could face somewhere down the road.",CHAIR YELLEN.,2014-06-18 19:09:02+00:00,2014-06-18 19:09:02+00:00,2014-06-18 19:09:20+00:00,1.3567600000000002,1.3567,6.000000000017103e-05,1953.159,1953.495,-0.33599999999978536
202,2360.040,2372.040,"Symmetrically, it’s also conceivably a risk that we would reach our maximum employment objective before we’ve actually attained our inflation objective.",CHAIR YELLEN.,2014-06-18 19:09:20.040000+00:00,2014-06-18 19:09:20+00:00,2014-06-18 19:09:32+00:00,1.35671,1.35671,0.0,1953.159,1953.159,0.0
203,2372.040,2383.240,So there are different ways in which we could conceivably—or there could conceivably arise policy conflicts or tradeoffs somewhere down the road.,CHAIR YELLEN.,2014-06-18 19:09:32.040000+00:00,2014-06-18 19:09:32+00:00,2014-06-18 19:09:43+00:00,1.35677,1.35677,0.0,1953.159,1953.159,0.0
204,2383.240,2395.640,"Now, quite some time ago, the FOMC adopted, and we reaffirmed just in January, a statement on our longer-run goals and policy strategy.",CHAIR YELLEN.,2014-06-18 19:09:43.240000+00:00,2014-06-18 19:09:43+00:00,2014-06-18 19:09:56+00:00,1.3567600000000002,1.3567600000000002,0.0,1952.991,1953.159,-0.16800000000012005
205,2395.640,2418.360,"And what that statement said is that, first of all, whenever either inflation or employment are away from their preferred or mandate-consistent levels, it will always be the FOMC’s policy to make sure that we get back to those target levels over the medium term.",CHAIR YELLEN.,2014-06-18 19:09:55.640000+00:00,2014-06-18 19:09:56+00:00,2014-06-18 19:10:18+00:00,1.3568600000000002,1.3567600000000002,9.999999999998899e-05,1952.971,1952.991,-0.01999999999998181
206,2418.360,2429.320,But a principle that’s embodied in that statement is that the Committee will follow a so-called balanced approach in deciding on its policies.,CHAIR YELLEN.,2014-06-18 19:10:18.360000+00:00,2014-06-18 19:10:18+00:00,2014-06-18 19:10:29+00:00,1.35679,1.35683,-4.0000000000040004e-05,1952.971,1952.971,0.0
207,2429.320,2447.960,"And, essentially, that means that when we see some conflict between achieving the two objectives, that we would consider in deciding on a policy just how far we are from achieving each of the objectives.",CHAIR YELLEN.,2014-06-18 19:10:29.320000+00:00,2014-06-18 19:10:29+00:00,2014-06-18 19:10:48+00:00,1.35646,1.35677,-0.00031000000000003247,1952.971,1952.971,0.0
208,2447.960,2463.760,"And if the distance from achieving an objective is particularly large, it would be consistent with a balanced approach that we would tolerate some movement in the opposite direction on the other objective.",CHAIR YELLEN.,2014-06-18 19:10:47.960000+00:00,2014-06-18 19:10:48+00:00,2014-06-18 19:11:04+00:00,1.35648,1.35647,9.999999999843467e-06,1952.478,1952.971,-0.49299999999993815
209,2463.760,2468.760,But balanced approach is the general policy strategy I think we’d follow.,CHAIR YELLEN.,2014-06-18 19:11:03.760000+00:00,2014-06-18 19:11:04+00:00,2014-06-18 19:11:09+00:00,1.35644,1.35648,-3.999999999981796e-05,1952.478,1952.478,0.0
210,2468.760,2476.280,Michael McKee from Bloomberg Television and Radio.,MICHAEL MCKEE.,2014-06-18 19:11:08.760000+00:00,2014-06-18 19:11:09+00:00,2014-06-18 19:11:16+00:00,1.35621,1.35627,-6.000000000017103e-05,1952.974,1952.478,0.4959999999998672
211,2476.280,2479.440,I’d like to ask you about your signaling mechanism going forward.,MICHAEL MCKEE.,2014-06-18 19:11:16.280000+00:00,2014-06-18 19:11:16+00:00,2014-06-18 19:11:19+00:00,1.3565200000000002,1.35648,4.000000000026205e-05,1952.96,1952.96,0.0
212,2479.440,2483.280,At this point you haven’t decided on reinvestments.,MICHAEL MCKEE.,2014-06-18 19:11:19.440000+00:00,2014-06-18 19:11:19+00:00,2014-06-18 19:11:23+00:00,1.3565,1.3565,0.0,1952.693,1952.679,0.013999999999896318
213,2483.280,2491.080,"You’ve told people, don’t pay any attention to the dot plot, and your two mandates, inflation and unemployment, are backward-looking lagging indicators.",MICHAEL MCKEE.,2014-06-18 19:11:23.280000+00:00,2014-06-18 19:11:23+00:00,2014-06-18 19:11:31+00:00,1.3565,1.3565,0.0,1952.663,1952.663,0.0
214,2491.080,2511.280,"So, if something should surprise in the economy with only four SEPs and press conferences a year, how do you signal to the markets what the Fed is doing so that you don’t run the risk of an event like last September when people were surprised, or some sort of credibility problem where people feel you’re falling behind the economy?",MICHAEL MCKEE.,2014-06-18 19:11:31.080000+00:00,2014-06-18 19:11:31+00:00,2014-06-18 19:11:51+00:00,1.35649,1.3565200000000002,-3.0000000000196536e-05,1952.661,1952.988,-0.3269999999999982
215,2511.280,2534.680,"Well, you know, again, we are very attentive to unfolding economic developments and understand that there can be surprises and twists and turns in the road, so that the forecasts that we’ve made become no longer appropriate and we need to respond to unfolding developments.",CHAIR YELLEN.,2014-06-18 19:11:51.280000+00:00,2014-06-18 19:11:51+00:00,2014-06-18 19:12:15+00:00,1.35658,1.35647,0.00010999999999983245,1952.993,1952.661,0.33199999999987995
216,2534.680,2544.160,I’m personally committed to communicating with the public whenever communication is appropriate.,CHAIR YELLEN.,2014-06-18 19:12:14.680000+00:00,2014-06-18 19:12:15+00:00,2014-06-18 19:12:24+00:00,1.3566,1.35664,-4.0000000000040004e-05,1952.674,1952.993,-0.31899999999996
217,2544.160,2573.640,"We have four press conferences, but I would feel it appropriate for me to either have additional communications meetings with the press or to give speeches or to, in a variety of opportunities I have, to make clear what the Committee’s thinking is, and my colleagues as well, I think, would feel it entirely appropriate to communicate changes—changes in our views.",CHAIR YELLEN.,2014-06-18 19:12:24.160000+00:00,2014-06-18 19:12:24+00:00,2014-06-18 19:12:54+00:00,1.35649,1.3566,-0.0001100000000000545,1952.693,1952.674,0.019000000000005457
218,2573.640,2581.160,"Hi, I’m Pedro da Costa from Dow Jones Newswires.",PEDRO DA COSTA.,2014-06-18 19:12:53.640000+00:00,2014-06-18 19:12:54+00:00,2014-06-18 19:13:01+00:00,1.3566600000000002,1.3566,6.000000000017103e-05,1952.469,1952.693,-0.2239999999999327
219,2581.160,2582.200,Thank you very much.,PEDRO DA COSTA.,2014-06-18 19:13:01.160000+00:00,2014-06-18 19:13:01+00:00,2014-06-18 19:13:02+00:00,1.3567,1.3567,0.0,1952.469,1952.469,0.0
220,2582.200,2588.440,"Since we are currently having a World Cup, I thought it would be valid to ask a question about the world.",PEDRO DA COSTA.,2014-06-18 19:13:02.200000+00:00,2014-06-18 19:13:02+00:00,2014-06-18 19:13:08+00:00,1.35673,1.3567,2.999999999997449e-05,1952.469,1952.469,0.0
221,2588.440,2596.720,"And I’m surprised—a little surprised at the optimism of your forecast given some, you know, the darkening outlook overseas.",PEDRO DA COSTA.,2014-06-18 19:13:08.440000+00:00,2014-06-18 19:13:08+00:00,2014-06-18 19:13:17+00:00,1.35684,1.35671,0.00012999999999996348,1951.983,1952.469,-0.4860000000001037
222,2596.720,2607.000,"You’ve got conflict in the Ukraine, escalation of war in Iraq with implications for oil prices that potentially have global economic impact.",PEDRO DA COSTA.,2014-06-18 19:13:16.720000+00:00,2014-06-18 19:13:17+00:00,2014-06-18 19:13:27+00:00,1.35684,1.35684,0.0,1951.68,1951.983,-0.3029999999998836
223,2607.000,2614.640,"You have—excuse me—a European recovery that’s still fairly weak, and emerging markets that are slowing down sharply.",PEDRO DA COSTA.,2014-06-18 19:13:27+00:00,2014-06-18 19:13:27+00:00,2014-06-18 19:13:35+00:00,1.35689,1.35684,4.999999999988347e-05,1951.961,1951.68,0.28099999999994907
224,2614.640,2619.880,Do you think the U.S. can be a lone engine of economic recovery globally?,PEDRO DA COSTA.,2014-06-18 19:13:34.640000+00:00,2014-06-18 19:13:35+00:00,2014-06-18 19:13:40+00:00,1.35688,1.35688,0.0,1951.99,1951.961,0.028999999999996362
225,2619.880,2628.080,"And if I could just follow up very quickly on Greg’s question, because you talked about the two sides of the mandate, but you didn’t quite answer the financial stability part.",PEDRO DA COSTA.,2014-06-18 19:13:39.880000+00:00,2014-06-18 19:13:40+00:00,2014-06-18 19:13:48+00:00,1.35688,1.3569,-1.999999999990898e-05,1952.181,1952.165,0.016000000000076398
226,2628.080,2633.920,Do you think—is financial stability currently preventing the Fed from being more accommodative than it would like?,PEDRO DA COSTA.,2014-06-18 19:13:48.080000+00:00,2014-06-18 19:13:48+00:00,2014-06-18 19:13:54+00:00,1.35674,1.35669,5.0000000000105516e-05,1952.181,1952.181,0.0
227,2633.920,2636.440,"And if not, when do you expect that to happen, if at all?",PEDRO DA COSTA.,2014-06-18 19:13:53.920000+00:00,2014-06-18 19:13:54+00:00,2014-06-18 19:13:56+00:00,1.35682,1.35682,0.0,1952.181,1952.181,0.0
228,2636.440,2637.760,Thank you.,PEDRO DA COSTA.,2014-06-18 19:13:56.440000+00:00,2014-06-18 19:13:56+00:00,2014-06-18 19:13:58+00:00,1.35699,1.35699,0.0,1952.181,1952.181,0.0
229,2637.760,2645.440,"So, let me—I’m sorry I didn’t answer the last part of Greg’s question and the last part of yours.",CHAIR YELLEN.,2014-06-18 19:13:57.760000+00:00,2014-06-18 19:13:58+00:00,2014-06-18 19:14:05+00:00,1.35691,1.3569600000000002,-5.0000000000105516e-05,1951.979,1951.979,0.0
230,2645.440,2646.960,Let me start there.,CHAIR YELLEN.,2014-06-18 19:14:05.440000+00:00,2014-06-18 19:14:05+00:00,2014-06-18 19:14:07+00:00,1.35695,1.35695,0.0,1951.979,1951.979,0.0
231,2646.960,2673.120,"With respect to financial stability, we monitor potential threats to financial stability very, very carefully, and we have spoken about some—I’ve spoken in recent congressional testimonies and speeches about some threats to financial stability that are on our radar screen, that we are monitoring.",CHAIR YELLEN.,2014-06-18 19:14:06.960000+00:00,2014-06-18 19:14:07+00:00,2014-06-18 19:14:33+00:00,1.3569700000000002,1.35695,2.0000000000131024e-05,1951.962,1951.979,-0.01700000000005275
232,2673.120,2688.520,"Trends in leveraged lending and the underwriting standards there, diminished risk spreads in lower-grade corporate bonds—high-yield bonds—have certainly caught our attention.",CHAIR YELLEN.,2014-06-18 19:14:33.120000+00:00,2014-06-18 19:14:33+00:00,2014-06-18 19:14:49+00:00,1.35699,1.3569700000000002,1.9999999999686935e-05,1951.962,1951.962,0.0
233,2688.520,2695.120,There is some evidence of reach-for-yield behavior.,CHAIR YELLEN.,2014-06-18 19:14:48.520000+00:00,2014-06-18 19:14:49+00:00,2014-06-18 19:14:55+00:00,1.35699,1.35699,0.0,1951.962,1951.962,0.0
234,2695.120,2722.200,"That’s one of the reasons I mentioned that this environment of low volatility is very much on my radar screen and would be a concern to me if it prompted an increase in leverage or other kinds of risk-taking behavior that could unwind in a sharp way and provoke a sharp, for example, jump in interest rates.",CHAIR YELLEN.,2014-06-18 19:14:55.120000+00:00,2014-06-18 19:14:55+00:00,2014-06-18 19:15:22+00:00,1.3569700000000002,1.35699,-1.9999999999686935e-05,1951.985,1951.962,0.02299999999991087
235,2722.200,2729.520,"And we’ve seen what effect that can have on the global economy, and I think it’s something that it’s important to avoid.",CHAIR YELLEN.,2014-06-18 19:15:22.200000+00:00,2014-06-18 19:15:22+00:00,2014-06-18 19:15:30+00:00,1.3569600000000002,1.3569700000000002,-1.0000000000065512e-05,1951.985,1951.985,0.0
236,2729.520,2750.640,"But broadly speaking, if the question is, to what extent is monetary policy, at this time, being driven by financial stability concerns, I would say that—well, I would never take off the table that monetary policy should—could, in some circumstances, respond.",CHAIR YELLEN.,2014-06-18 19:15:29.520000+00:00,2014-06-18 19:15:30+00:00,2014-06-18 19:15:51+00:00,1.35699,1.3569600000000002,2.9999999999752447e-05,1951.985,1951.985,0.0
237,2750.640,2756.120,I don’t see them shaping monetary policy in an important way right now.,CHAIR YELLEN.,2014-06-18 19:15:50.640000+00:00,2014-06-18 19:15:51+00:00,2014-06-18 19:15:56+00:00,1.35705,1.35699,6.000000000017103e-05,1952.188,1951.972,0.21600000000012187
238,2756.120,2778.200,"I don’t see a broad-based increase in leverage, rapid increase in credit growth or maturity transformation, the kinds of broad trends that would suggest to me that the level of financial stability risks has risen above a moderate level.",CHAIR YELLEN.,2014-06-18 19:15:56.120000+00:00,2014-06-18 19:15:56+00:00,2014-06-18 19:16:18+00:00,1.3570600000000002,1.3570600000000002,0.0,1952.188,1952.188,0.0
239,2778.200,2796.640,"And we are using supervisory tools and regulations both to make the financial system more robust and to pay particular attention to areas where we’ve spotted concerns, like leveraged lending, which is very much a focus of our supervision.",CHAIR YELLEN.,2014-06-18 19:16:18.200000+00:00,2014-06-18 19:16:18+00:00,2014-06-18 19:16:37+00:00,1.3570600000000002,1.3570700000000002,-1.0000000000065512e-05,1952.483,1952.188,0.2949999999998454
240,2796.640,2797.720,"Now, let’s see.",CHAIR YELLEN.,2014-06-18 19:16:36.640000+00:00,2014-06-18 19:16:37+00:00,2014-06-18 19:16:38+00:00,1.3570600000000002,1.3570600000000002,0.0,1952.483,1952.483,0.0
241,2797.720,2812.360,"There was a first part to your question, and the first part was about global risks, and we always pay attention to global risks and the likely evolution of the global economy.",CHAIR YELLEN.,2014-06-18 19:16:37.720000+00:00,2014-06-18 19:16:38+00:00,2014-06-18 19:16:52+00:00,1.3570600000000002,1.3570600000000002,0.0,1952.679,1952.483,0.19600000000014006
242,2812.360,2821.800,"You expressed a lot of pessimism about emerging markets, and I see it more likely that we’ll see moderate growth and a pickup there.",CHAIR YELLEN.,2014-06-18 19:16:52.360000+00:00,2014-06-18 19:16:52+00:00,2014-06-18 19:17:02+00:00,1.35705,1.35701,4.0000000000040004e-05,1952.66,1952.679,-0.019000000000005457
243,2821.800,2832.280,"Of course, there are geopolitical risks—the Middle East, developments in Iraq, of course.",CHAIR YELLEN.,2014-06-18 19:17:01.800000+00:00,2014-06-18 19:17:02+00:00,2014-06-18 19:17:12+00:00,1.3570600000000002,1.3570600000000002,0.0,1952.66,1952.66,0.0
244,2832.280,2846.640,"They’re not only a humanitarian concern; they are a concern with respect, potentially, to energy supplies and prices, and so I would certainly list that as something in the category of risks to the outlook.",CHAIR YELLEN.,2014-06-18 19:17:12.280000+00:00,2014-06-18 19:17:12+00:00,2014-06-18 19:17:27+00:00,1.3569600000000002,1.357,-3.999999999981796e-05,1952.992,1952.66,0.33199999999987995
245,2846.640,2849.640,"Peter Barnes with Fox Business, ma’am.",PETER BARNES.,2014-06-18 19:17:26.640000+00:00,2014-06-18 19:17:27+00:00,2014-06-18 19:17:30+00:00,1.3569600000000002,1.3569600000000002,0.0,1952.992,1952.992,0.0
246,2849.640,2861.960,Can I—just to follow up a little bit on what Pedro asked about.,PETER BARNES.,2014-06-18 19:17:29.640000+00:00,2014-06-18 19:17:30+00:00,2014-06-18 19:17:42+00:00,1.3571700000000002,1.3569600000000002,0.00021000000000004349,1952.992,1952.992,0.0
247,2861.960,2863.880,"Specifically, what about equity markets?",PETER BARNES.,2014-06-18 19:17:41.960000+00:00,2014-06-18 19:17:42+00:00,2014-06-18 19:17:44+00:00,1.35716,1.35716,0.0,1952.992,1952.992,0.0
248,2863.880,2871.120,"I mean, right now, today, the S&P 500 is on track to close at a—another record high.",PETER BARNES.,2014-06-18 19:17:43.880000+00:00,2014-06-18 19:17:44+00:00,2014-06-18 19:17:51+00:00,1.35724,1.35723,1.0000000000065512e-05,1952.66,1952.66,0.0
249,2871.120,2879.720,"You have said that you have not seen any evidence of bubbles in equity markets, and that they have been trading within historic norms.",PETER BARNES.,2014-06-18 19:17:51.120000+00:00,2014-06-18 19:17:51+00:00,2014-06-18 19:18:00+00:00,1.35725,1.35729,-4.0000000000040004e-05,1952.975,1952.66,0.3149999999998272
250,2879.720,2881.240,Is that still the case today?,PETER BARNES.,2014-06-18 19:17:59.720000+00:00,2014-06-18 19:18:00+00:00,2014-06-18 19:18:01+00:00,1.35724,1.35726,-1.999999999990898e-05,1952.975,1952.975,0.0
251,2881.240,2883.120,Thank you.,PETER BARNES.,2014-06-18 19:18:01.240000+00:00,2014-06-18 19:18:01+00:00,2014-06-18 19:18:03+00:00,1.3572700000000002,1.3572700000000002,0.0,1952.975,1952.975,0.0
252,2883.120,2891.200,So I don’t have a sense—the Committee doesn’t try to gauge what is the right level of equity prices.,CHAIR YELLEN.,2014-06-18 19:18:03.120000+00:00,2014-06-18 19:18:03+00:00,2014-06-18 19:18:11+00:00,1.35722,1.35723,-9.999999999843467e-06,1952.687,1952.687,0.0
253,2891.200,2919.960,"But we do certainly monitor a number of different metrics that give us a feeling for where valuations are relative to things like earnings or dividends, and look at where these metrics stand in comparison with previous history to get a sense of whether or not we’re moving to valuation levels that are outside of historical norms, and I still don’t see that.",CHAIR YELLEN.,2014-06-18 19:18:11.200000+00:00,2014-06-18 19:18:11+00:00,2014-06-18 19:18:40+00:00,1.3572700000000002,1.35722,5.0000000000105516e-05,1952.668,1952.687,-0.019000000000005457
254,2919.960,2923.240,I still don’t see that for equity prices broadly.,CHAIR YELLEN.,2014-06-18 19:18:39.960000+00:00,2014-06-18 19:18:40+00:00,2014-06-18 19:18:43+00:00,1.3572700000000002,1.3572700000000002,0.0,1952.668,1952.668,0.0
255,2923.240,2932.440,Annalyn Kurtz with CNNMoney.,ANNALYN KURTZ.,2014-06-18 19:18:43.240000+00:00,2014-06-18 19:18:43+00:00,2014-06-18 19:18:52+00:00,1.35728,1.3572700000000002,9.999999999843467e-06,1952.996,1952.668,0.3280000000002019
256,2932.440,2934.040,"Thank you, Chair Yellen.",ANNALYN KURTZ.,2014-06-18 19:18:52.440000+00:00,2014-06-18 19:18:52+00:00,2014-06-18 19:18:54+00:00,1.35728,1.35728,0.0,1952.996,1952.996,0.0
257,2934.040,2939.160,I’m wondering:  What’s the Fed’s general expectation for wage growth this year and next year?,ANNALYN KURTZ.,2014-06-18 19:18:54.040000+00:00,2014-06-18 19:18:54+00:00,2014-06-18 19:18:59+00:00,1.3572700000000002,1.35728,-9.999999999843467e-06,1953.161,1953.184,-0.02299999999991087
258,2939.160,2946.920,"And if inflation outpaces wage growth, does that scenario make you more hesitant to raise the federal funds rate next year?",ANNALYN KURTZ.,2014-06-18 19:18:59.160000+00:00,2014-06-18 19:18:59+00:00,2014-06-18 19:19:07+00:00,1.3571700000000002,1.35726,-8.999999999970143e-05,1953.696,1953.479,0.21699999999987085
259,2946.920,2957.360,"Or if, conversely, wages rise just enough to keep up with inflation, they’re moving in lockstep, let’s say, is that enough to satisfy what you’re looking for in the job market?",ANNALYN KURTZ.,2014-06-18 19:19:06.920000+00:00,2014-06-18 19:19:07+00:00,2014-06-18 19:19:17+00:00,1.35715,1.3571700000000002,-2.0000000000131024e-05,1953.97,1953.696,0.2740000000001146
260,2957.360,2960.080,"Well, thanks.",CHAIR YELLEN.,2014-06-18 19:19:17.360000+00:00,2014-06-18 19:19:17+00:00,2014-06-18 19:19:20+00:00,1.3573000000000002,1.35728,2.0000000000131024e-05,1953.98,1954.191,-0.21100000000001273
261,2960.080,2961.200,That’s a great question.,CHAIR YELLEN.,2014-06-18 19:19:20.080000+00:00,2014-06-18 19:19:20+00:00,2014-06-18 19:19:21+00:00,1.3573000000000002,1.35731,-9.999999999843467e-06,1954.1720000000005,1954.1720000000005,0.0
262,2961.200,2970.640,"You know, I see compensation growth, broadly speaking, as having been very well contained.",CHAIR YELLEN.,2014-06-18 19:19:21.200000+00:00,2014-06-18 19:19:21+00:00,2014-06-18 19:19:31+00:00,1.35731,1.35731,0.0,1953.466,1954.1720000000005,-0.7060000000005857
263,2970.640,2977.520,"By most measures, compensation growth is running around 2 percent.",CHAIR YELLEN.,2014-06-18 19:19:30.640000+00:00,2014-06-18 19:19:31+00:00,2014-06-18 19:19:38+00:00,1.35742,1.3573700000000002,4.999999999988347e-05,1953.694,1953.694,0.0
264,2977.520,2992.960,"So that’s real wage growth or real compensation growth that’s essentially flat rather than rising, and real wage growth really has not been rising in line with productivity.",CHAIR YELLEN.,2014-06-18 19:19:37.520000+00:00,2014-06-18 19:19:38+00:00,2014-06-18 19:19:53+00:00,1.35734,1.35741,-7.00000000000145e-05,1953.675,1953.694,-0.019000000000005457
265,2992.960,3020.920,"My own expectation is that as the labor market begins to tighten, we will see wage growth pick up some to the point where real wage growth, where compensation or nominal wages are rising more rapidly than inflation, so households are getting a real increase in their take-home pay.",CHAIR YELLEN.,2014-06-18 19:19:52.960000+00:00,2014-06-18 19:19:53+00:00,2014-06-18 19:20:21+00:00,1.35724,1.35732,-8.000000000008001e-05,1953.688,1953.675,0.013000000000147338
266,3020.920,3026.160,"And within limits—well, that might be signs of a tighter labor market.",CHAIR YELLEN.,2014-06-18 19:20:20.920000+00:00,2014-06-18 19:20:21+00:00,2014-06-18 19:20:26+00:00,1.3572700000000002,1.3572700000000002,0.0,1953.688,1953.688,0.0
267,3026.160,3051.760,"Within limits, it’s not a threat to inflation because consistent with the level of inflation we have for our 2 percent inflation objective, we could see wages growing at a more rapid rate and—a somewhat more rapid rate—and, indeed, that would be part of my forecast of what we would see as the labor market picks up.",CHAIR YELLEN.,2014-06-18 19:20:26.160000+00:00,2014-06-18 19:20:26+00:00,2014-06-18 19:20:52+00:00,1.35723,1.3572700000000002,-4.000000000026205e-05,1952.997,1953.688,-0.6910000000000309
268,3051.760,3058.800,"If we were to fail to see that, frankly, I would worry about downside risk to consumer spending.",CHAIR YELLEN.,2014-06-18 19:20:51.760000+00:00,2014-06-18 19:20:52+00:00,2014-06-18 19:20:59+00:00,1.3572,1.3572,0.0,1952.997,1952.997,0.0
269,3058.800,3073.200,So I think part of my confidence in the fact that we’ll see a pickup in growth relates to the fact that I think consumer spending will continue to grow at a healthy rate.,CHAIR YELLEN.,2014-06-18 19:20:58.800000+00:00,2014-06-18 19:20:59+00:00,2014-06-18 19:21:13+00:00,1.35713,1.3572,-7.00000000000145e-05,1952.997,1952.997,0.0
270,3073.200,3081.800,"And, in part, that’s premised on some pickup in the rate of wage growth so that it’s rising greater—more than inflation.",CHAIR YELLEN.,2014-06-18 19:21:13.200000+00:00,2014-06-18 19:21:13+00:00,2014-06-18 19:21:22+00:00,1.35713,1.35713,0.0,1952.997,1952.997,0.0
271,3081.800,3090.280,"Marty Crutsinger, Associated Press.",MARTIN CRUTSINGER.,2014-06-18 19:21:21.800000+00:00,2014-06-18 19:21:22+00:00,2014-06-18 19:21:30+00:00,1.35716,1.35713,2.999999999997449e-05,1952.997,1952.997,0.0
272,3090.280,3103.720,"Today’s statement repeated a phrase that’s been used—that the Committee has been using, that there’s likely to be a “considerable” period between the end of the bond purchases and the first hike in the federal funds rate.",MARTIN CRUTSINGER.,2014-06-18 19:21:30.280000+00:00,2014-06-18 19:21:30+00:00,2014-06-18 19:21:44+00:00,1.35713,1.35716,-2.999999999997449e-05,1953.19,1953.19,0.0
273,3103.720,3112.160,"In March, you gave us some guidance to help—trying to help us to understand that by saying that that—it’s hard to define, but it could mean six months.",MARTIN CRUTSINGER.,2014-06-18 19:21:43.720000+00:00,2014-06-18 19:21:44+00:00,2014-06-18 19:21:52+00:00,1.35718,1.35713,5.0000000000105516e-05,1952.969,1952.969,0.0
274,3112.160,3117.000,Is that a time frame that you feel—still feel comfortable with?,MARTIN CRUTSINGER.,2014-06-18 19:21:52.160000+00:00,2014-06-18 19:21:52+00:00,2014-06-18 19:21:57+00:00,1.35721,1.35721,0.0,1953.188,1952.969,0.21900000000005093
275,3117.000,3130.800,"And, if you feel like it needs to be modified, do you—could you give us an assessment of—the market seemed to expect a rate, the first rate hike in the second half of next year.",MARTIN CRUTSINGER.,2014-06-18 19:21:57+00:00,2014-06-18 19:21:57+00:00,2014-06-18 19:22:11+00:00,1.35729,1.35722,7.00000000000145e-05,1953.164,1953.188,-0.024000000000114596
276,3130.800,3132.200,Is that a good assessment?,MARTIN CRUTSINGER.,2014-06-18 19:22:10.800000+00:00,2014-06-18 19:22:11+00:00,2014-06-18 19:22:12+00:00,1.3573000000000002,1.3573000000000002,0.0,1953.164,1953.164,0.0
277,3132.200,3144.200,"So what I want to say, the guidance that I want to give you, is that there is no mechanical formula whatsoever for what a “considerable time” means.",CHAIR YELLEN.,2014-06-18 19:22:12.200000+00:00,2014-06-18 19:22:12+00:00,2014-06-18 19:22:24+00:00,1.35731,1.3573000000000002,9.999999999843467e-06,1953.164,1953.164,0.0
278,3144.200,3149.360,"The answer as to what it means is, it depends.",CHAIR YELLEN.,2014-06-18 19:22:24.200000+00:00,2014-06-18 19:22:24+00:00,2014-06-18 19:22:29+00:00,1.35731,1.35731,0.0,1952.983,1953.164,-0.18100000000004002
279,3149.360,3153.640,It depends on how the economy progresses.,CHAIR YELLEN.,2014-06-18 19:22:29.360000+00:00,2014-06-18 19:22:29+00:00,2014-06-18 19:22:34+00:00,1.35731,1.35731,0.0,1952.957,1952.983,-0.02599999999983993
280,3153.640,3186.240,"The Committee said very clearly in their statement that what they would be looking at and deciding on the timing of interest rate increases would be the progress we’re making in achieving our objectives, how far we are from achieving our labor market objective and our inflation objective, and that we will be assessing that progress, and that’s the key determinant of when interest rate increases are likely to come.",CHAIR YELLEN.,2014-06-18 19:22:33.640000+00:00,2014-06-18 19:22:34+00:00,2014-06-18 19:23:06+00:00,1.35732,1.35731,1.0000000000065512e-05,1952.979,1953.182,-0.20299999999997453
281,3186.240,3189.360,Next year?,MARTIN CRUTSINGER.,2014-06-18 19:23:06.240000+00:00,2014-06-18 19:23:06+00:00,2014-06-18 19:23:09+00:00,1.35732,1.35732,0.0,1952.979,1952.979,0.0
282,3189.360,3191.680,There is no mechanical formula.,CHAIR YELLEN.,2014-06-18 19:23:09.360000+00:00,2014-06-18 19:23:09+00:00,2014-06-18 19:23:12+00:00,1.35732,1.35733,-9.999999999843467e-06,1952.979,1952.979,0.0
283,3191.680,3204.000,Thank you.,GREG ROBB.,2014-06-18 19:23:11.680000+00:00,2014-06-18 19:23:12+00:00,2014-06-18 19:23:24+00:00,1.35729,1.35733,-3.999999999981796e-05,1952.98,1952.98,0.0
284,3204.000,3205.440,Greg Robb from MarketWatch.,GREG ROBB.,2014-06-18 19:23:24+00:00,2014-06-18 19:23:24+00:00,2014-06-18 19:23:25+00:00,1.35729,1.3573000000000002,-1.0000000000065512e-05,1952.98,1952.98,0.0
285,3205.440,3218.320,"There was a report this week, in a salmon-colored newspaper I won’t mention, that the Fed is thinking about—and regulators in Washington are thinking about—an exit fee for bond mutual funds.",GREG ROBB.,2014-06-18 19:23:25.440000+00:00,2014-06-18 19:23:25+00:00,2014-06-18 19:23:38+00:00,1.35731,1.3573000000000002,9.999999999843467e-06,1952.984,1952.6720000000005,0.3119999999994434
286,3218.320,3220.880,This has sparked a lot of comments.,GREG ROBB.,2014-06-18 19:23:38.320000+00:00,2014-06-18 19:23:38+00:00,2014-06-18 19:23:41+00:00,1.35731,1.35731,0.0,1953.174,1953.174,0.0
287,3220.880,3222.560,Would you care to comment on this?,GREG ROBB.,2014-06-18 19:23:40.880000+00:00,2014-06-18 19:23:41+00:00,2014-06-18 19:23:43+00:00,1.35731,1.35731,0.0,1953.174,1953.174,0.0
288,3222.560,3250.320,"I am not aware of any discussion of that topic inside the Federal Reserve, and my understanding is that that is a matter that is under the purview of the SEC.",CHAIR YELLEN.,2014-06-18 19:23:42.560000+00:00,2014-06-18 19:23:43+00:00,,,1.35731,,,1953.191,
